date,state,location,city_or_county,cases_total,cases_white,cases_black,cases_latinx,cases_asian,cases_aian,cases_hnpi,cases_multiracial,cases_other,cases_unknown,cases_ethnicity_hispanic,cases_ethnicity_nonhispanic,cases_ethnicity_unknown,deaths_total,deaths_white,deaths_black,deaths_latinx,deaths_asian,deaths_aian,deaths_hnpi,deaths_multiracial,deaths_other,deaths_unknown,deaths_ethnicity_hispanic,deaths_ethnicity_nonhispanic,deaths_ethnicity_unknown,case_fatality_rate,daily_new_cases,daily_percentincr_cases,weekly_new_cases,weekly_percentincr_cases,daily_new_deaths,daily_percentincr_deaths,weekly_new_deaths,weekly_percentincr_deaths
7/1/2020,CA,Alameda County,County,6384,653,483,3379,771,18,35,69,,735,3379,2029,735,138,32,28,39,27,,,,,2,39,87,2,2.16,135,2.16,958,17.66,2,1.47,2,1.47
7/2/2020,CA,Alameda County,County,6472,667,488,3422,779,18,35,69,,746,3422,2056,746,140,34,29,41,28,,,,,8,41,91,8,2.16,88,1.38,918,16.53,2,1.45,4,2.94
7/4/2020,CA,Alameda County,County,6855,708,516,3546,803,18,38,73,,851,3546,2156,851,140,34,29,41,28,,,,,8,41,91,8,2.04,99,1.47,1075,18.6,,,4,2.94
7/5/2020,CA,Alameda County,County,6887,711,517,3555,805,19,38,76,,867,3555,2166,867,140,34,29,41,28,,,,,8,41,91,8,2.03,32,0.47,911,15.24,0,0,4,2.94
7/10/2020,CA,Alameda County,County,7725,816,571,3908,863,22,42,87,,1068,3908,2401,1068,148,36,31,42,30,,,,,9,42,97,9,1.92,,,969,14.34,,,,
7/17/2020,CA,Alameda County,County,9110,959,653,4652,960,23,52,102,,1254,4652,2749,1254,162,38,35,47,34,,,,,8,47,107,8,1.78,,,1385,17.93,,,14,9.46
6/3/2020,CA,Los Angeles County (without the cities of Long Beach or Pasadena),County,55206,6342,2177,18873,3142,54,304,,6571,17743,18873,18590,17743,2314,652,273,935,398,2,18,,23,13,935,1366,13,4.19,131,0.24,,,6,0.26,,
6/4/2020,CA,Los Angeles County (without the cities of Long Beach or Pasadena),County,56589,6523,2217,19592,3248,57,293,,6724,17935,19592,19062,17935,2356,658,278,956,419,2,4,,24,15,956,1385,15,4.16,1383,2.51,,,42,1.82,,
6/5/2020,CA,Los Angeles County (without the cities of Long Beach or Pasadena),County,57917,6567,2233,19946,3265,57,290,,6875,18684,19946,19287,18684,2389,670,279,970,423,2,5,,24,16,970,1403,16,4.12,1328,2.35,5127,9.71,33,1.4,159,7.13
6/6/2020,CA,Los Angeles County (without the cities of Long Beach or Pasadena),County,59181,6661,2258,20824,3317,58,288,,7102,18673,20824,19684,18673,2442,683,286,998,431,2,6,,27,9,998,1435,9,4.13,1264,2.18,5315,9.87,53,2.22,187,8.29
6/7/2020,CA,Los Angeles County (without the cities of Long Beach or Pasadena),County,60636,6699,2264,21212,3329,59,289,,7366,19418,21212,20006,19418,2463,690,289,1005,435,2,6,,26,10,1005,1448,10,4.06,1455,2.46,6139,11.26,21,0.86,188,8.26
6/8/2020,CA,Los Angeles County (without the cities of Long Beach or Pasadena),County,61430,6728,2275,21916,3339,59,292,,7689,19132,21916,20382,19132,2472,692,289,1012,436,2,6,,26,9,1012,1451,9,4.02,794,1.31,6933,12.72,9,0.37,179,7.81
6/9/2020,CA,Los Angeles County (without the cities of Long Beach or Pasadena),County,62553,6793,2292,22544,3355,59,294,,7918,19298,22544,20711,19298,2523,712,296,1026,440,2,6,,30,11,1026,1486,11,4.03,1123,1.83,7478,13.58,51,2.06,215,9.32
6/10/2020,CA,Los Angeles County (without the cities of Long Beach or Pasadena),County,63660,6861,2323,22872,3376,60,296,,8266,19606,22872,21182,19606,2581,728,299,1060,445,2,6,,29,12,1060,1509,12,4.05,1107,1.77,8454,15.31,58,2.3,267,11.54
6/11/2020,CA,Los Angeles County (without the cities of Long Beach or Pasadena),County,65424,6936,2345,23715,3399,60,298,,8363,20308,23715,21401,20308,2626,749,303,1078,449,2,7,,29,9,1078,1539,9,4.01,1764,2.77,8835,15.61,45,1.74,270,11.46
6/12/2020,CA,Los Angeles County (without the cities of Long Beach or Pasadena),County,66941,6991,2368,24226,3430,61,303,,8734,20828,24226,21887,20828,2640,750,302,1088,452,2,9,,26,11,1088,1541,11,3.94,1517,2.32,9024,15.58,14,0.53,251,10.51
6/13/2020,CA,Los Angeles County (without the cities of Long Beach or Pasadena),County,68430,7067,2394,24567,3449,63,306,,9023,21561,24567,22302,21561,2696,769,306,1113,458,3,9,,30,8,1113,1575,8,3.94,1489,2.22,9249,15.63,56,2.12,254,10.4
6/14/2020,CA,Los Angeles County (without the cities of Long Beach or Pasadena),County,69382,7116,2399,24681,3453,62,311,,9355,22005,24681,22696,22005,2709,774,307,1116,460,3,9,,31,9,1116,1584,9,3.9,952,1.39,8746,14.42,13,0.48,246,9.99
6/15/2020,CA,Los Angeles County (without the cities of Long Beach or Pasadena),County,70150,7134,2416,25277,3471,62,313,,9699,21778,25277,23095,21778,2728,779,309,1128,461,3,9,,31,8,1128,1592,8,3.89,768,1.11,8720,14.2,19,0.7,256,10.36
6/16/2020,CA,Los Angeles County (without the cities of Long Beach or Pasadena),County,71402,7193,2442,26039,3494,62,316,,9906,21950,26039,23413,21950,2761,783,311,1144,464,3,9,,34,13,1144,1604,13,3.87,1252,1.78,8849,14.15,33,1.21,238,9.43
6/17/2020,CA,Los Angeles County (without the cities of Long Beach or Pasadena),County,73419,7273,2467,26316,3512,64,316,,10347,23124,26316,23979,23124,2791,795,313,1158,469,3,9,,32,12,1158,1621,12,3.8,2017,2.82,9759,15.33,30,1.09,210,8.14
6/18/2020,CA,Los Angeles County (without the cities of Long Beach or Pasadena),County,74361,7313,2478,26494,3523,62,314,,10626,23551,26494,24316,23551,2825,805,316,1169,471,3,9,,34,18,1169,1638,18,3.8,942,1.28,8937,13.66,34,1.22,199,7.58
6/19/2020,CA,Los Angeles County (without the cities of Long Beach or Pasadena),County,75622,7368,2506,26721,3537,63,316,,11048,24063,26721,24838,24063,2861,818,319,1188,476,3,9,,31,17,1188,1656,17,3.78,1261,1.7,8681,12.97,36,1.27,221,8.37
6/20/2020,CA,Los Angeles County (without the cities of Long Beach or Pasadena),County,77582,7440,2535,27017,3569,64,317,,11478,25162,27017,25403,25162,2905,831,321,1216,480,3,9,,32,13,1216,1676,13,3.74,1960,2.59,9152,13.37,44,1.54,209,7.75
6/21/2020,CA,Los Angeles County (without the cities of Long Beach or Pasadena),County,79270,7491,2547,27148,3584,64,319,,11842,26275,27148,25847,26275,2913,832,321,1223,480,3,9,,32,13,1223,1677,13,3.67,1688,2.18,9888,14.25,8,0.28,204,7.53
6/22/2020,CA,Los Angeles County (without the cities of Long Beach or Pasadena),County,81798,7581,2579,27354,3616,65,329,,12586,27688,27354,26756,27688,2929,835,324,1231,484,3,9,,32,11,1231,1687,11,3.58,2528,3.19,11648,16.6,16,0.55,201,7.37
6/23/2020,CA,Los Angeles County (without the cities of Long Beach or Pasadena),County,84043,7679,2618,27671,3644,70,338,,13074,28949,27671,27423,28949,2963,831,329,1252,490,5,9,,35,12,1252,1699,12,3.53,2245,2.74,12641,17.7,34,1.16,202,7.32
6/24/2020,CA,Los Angeles County (without the cities of Long Beach or Pasadena),County,85021,7762,2654,27990,3690,72,345,,13194,29314,27990,27717,29314,2996,836,337,1264,497,5,10,,33,14,1264,1718,14,3.52,978,1.16,11602,15.8,33,1.11,205,7.35
6/25/2020,CA,Los Angeles County (without the cities of Long Beach or Pasadena),County,86855,7837,2677,28303,3696,73,349,,13479,30441,28303,28111,30441,3035,853,340,1285,498,5,10,,30,14,1285,1736,14,3.49,1834,2.16,12494,16.8,39,1.3,210,7.43
6/26/2020,CA,Los Angeles County (without the cities of Long Beach or Pasadena),County,88510,7885,2703,28615,3721,76,351,,13869,31290,28615,28605,31290,3055,853,344,1295,502,6,10,,31,14,1295,1746,14,3.45,1655,1.91,12888,17.04,20,0.66,194,6.78
6/27/2020,CA,Los Angeles County (without the cities of Long Beach or Pasadena),County,90490,7971,2744,28971,3750,79,353,,14384,32238,28971,29281,32238,3071,856,342,1305,508,6,10,,28,16,1305,1750,16,3.39,1980,2.24,12908,16.64,16,0.52,166,5.71
6/28/2020,CA,Los Angeles County (without the cities of Long Beach or Pasadena),County,92999,8062,2791,29163,3794,82,356,,15375,33376,29163,30460,33376,3091,843,351,1326,517,9,9,,21,15,1326,1750,15,3.32,2509,2.77,13729,17.32,20,0.65,178,6.11
6/29/2020,CA,Los Angeles County (without the cities of Long Beach or Pasadena),County,95853,8127,2818,29462,3807,82,359,,16825,34373,29462,32018,34373,3112,848,353,1335,520,9,9,,19,19,1335,1758,19,3.25,2854,3.07,14055,17.18,21,0.68,183,6.25
6/30/2020,CA,Los Angeles County (without the cities of Long Beach or Pasadena),County,98424,8225,2856,29802,3834,81,359,,17090,36177,29802,32445,36177,3150,857,355,1355,522,9,9,,23,20,1355,1775,20,3.2,2571,2.68,14381,17.11,38,1.22,187,6.31
7/1/2020,CA,Los Angeles County (without the cities of Long Beach or Pasadena),County,100059,8343,2904,30342,3861,82,367,,17296,36864,30342,32853,36864,3179,867,358,1370,523,9,9,,22,21,1370,1788,21,3.18,1635,1.66,15038,17.69,29,0.92,183,6.11
7/2/2020,CA,Los Angeles County (without the cities of Long Beach or Pasadena),County,102061,8477,2946,30758,3903,84,370,,17447,38076,30758,33227,38076,3228,875,365,1394,529,9,10,,27,19,1394,1815,19,3.16,2002,2,15206,17.51,49,1.54,193,6.36
7/5/2020,CA,Los Angeles County (without the cities of Long Beach or Pasadena),County,109228,8869,3112,31668,3996,85,391,,18540,42567,31668,34993,42567,3258,880,366,1415,531,9,10,,29,18,1415,1825,18,2.98,,,16229,17.45,,,167,5.4
7/6/2020,CA,Los Angeles County (without the cities of Long Beach or Pasadena),County,110790,8982,3170,31981,4029,87,402,,18847,43292,31981,35517,43292,3304,891,368,1443,533,9,10,,29,21,1443,1840,21,2.98,1562,1.43,14937,15.58,46,1.41,192,6.17
7/7/2020,CA,Los Angeles County (without the cities of Long Beach or Pasadena),County,114659,9183,3232,32574,4089,91,413,,19192,45885,32574,36200,45885,3346,901,369,1471,537,9,11,,29,19,1471,1856,19,2.92,3869,3.49,16235,16.49,42,1.27,196,6.22
7/8/2020,CA,Los Angeles County (without the cities of Long Beach or Pasadena),County,116899,9351,3310,33162,4132,96,422,,19393,47033,33162,36704,47033,3406,913,372,1516,544,9,11,,24,17,1516,1873,17,2.91,2240,1.95,16840,16.83,60,1.79,227,7.14
7/9/2020,CA,Los Angeles County (without the cities of Long Beach or Pasadena),County,118381,9492,3358,33694,4158,99,428,,19512,47640,33694,37047,47640,3452,916,375,1551,544,9,12,,27,18,1551,1883,18,2.92,1482,1.27,16320,15.99,46,1.35,224,6.94
7/10/2020,CA,Los Angeles County (without the cities of Long Beach or Pasadena),County,120733,9655,3407,34231,4192,101,430,,19612,49105,34231,37397,49105,3499,920,380,1589,547,9,13,,24,17,1589,1893,17,2.9,2352,1.99,,,47,1.36,,
7/11/2020,CA,Los Angeles County (without the cities of Long Beach or Pasadena),County,123536,9892,3476,35218,4264,105,434,,20009,50138,35218,38180,50138,3548,928,386,1615,550,9,13,,28,19,1615,1914,19,2.87,2803,2.32,,,49,1.4,,
7/12/2020,CA,Los Angeles County (without the cities of Long Beach or Pasadena),County,126691,10097,3554,36342,4328,112,453,,20700,51105,36342,39244,51105,3562,934,387,1622,550,9,14,,27,19,1622,1921,19,2.81,3155,2.55,17463,15.99,14,0.39,304,9.33
7/13/2020,CA,Los Angeles County (without the cities of Long Beach or Pasadena),County,129224,10248,3620,37344,4380,111,460,,20964,52097,37344,39783,52097,3575,937,387,1627,551,9,14,,28,22,1627,1926,22,2.77,2533,2,18434,16.64,13,0.36,271,8.2
7/14/2020,CA,Los Angeles County (without the cities of Long Beach or Pasadena),County,133147,10549,3737,38934,4474,115,472,,21440,53426,38934,40787,53426,3645,957,391,1662,558,9,14,,28,26,1662,1957,26,2.74,3923,3.04,18488,16.12,70,1.96,299,8.94
7/15/2020,CA,Los Angeles County (without the cities of Long Beach or Pasadena),County,135580,10720,3818,40183,4538,120,478,,21448,54275,40183,41122,54275,3684,963,393,1685,563,9,15,,30,26,1685,1973,26,2.72,2433,1.83,18681,15.98,39,1.07,278,8.16
7/16/2020,CA,Los Angeles County (without the cities of Long Beach or Pasadena),County,139841,10913,3900,41682,4605,123,481,,21722,56415,41682,41744,56415,3731,962,397,1719,569,9,16,,29,30,1719,1982,30,2.67,4261,3.14,21460,18.13,47,1.28,279,8.08
7/17/2020,CA,Los Angeles County (without the cities of Long Beach or Pasadena),County,142447,11083,3983,43150,4661,127,489,,21791,57163,43150,42134,57163,3789,971,400,1758,577,9,17,,28,29,1758,2002,29,2.66,2606,1.86,21714,17.99,58,1.55,290,8.29
7/18/2020,CA,Los Angeles County (without the cities of Long Beach or Pasadena),County,145064,11277,4094,44409,4758,134,500,,22132,57760,44409,42895,57760,3825,980,409,1782,578,9,17,,26,24,1782,2019,24,2.64,2617,1.84,21528,17.43,36,0.95,277,7.81
7/19/2020,CA,Los Angeles County (without the cities of Long Beach or Pasadena),County,147772,11432,4162,45434,4831,139,505,,22584,58685,45434,43653,58685,3836,985,410,1787,578,9,17,,26,24,1787,2025,24,2.6,2708,1.87,21081,16.64,11,0.29,274,7.69
7/20/2020,CA,Los Angeles County (without the cities of Long Beach or Pasadena),County,150900,11636,4250,47038,4922,140,514,,23116,59284,47038,44578,59284,3844,990,410,1790,578,9,17,,26,24,1790,2030,24,2.55,3128,2.12,21676,16.77,8,0.21,269,7.52
7/21/2020,CA,Los Angeles County (without the cities of Long Beach or Pasadena),County,153424,11801,4308,47927,4970,142,519,,23214,60543,47927,44954,60543,3893,997,413,1820,582,10,17,,28,26,1820,2047,26,2.54,2524,1.67,20277,15.23,49,1.27,248,6.8
7/22/2020,CA,Los Angeles County (without the cities of Long Beach or Pasadena),County,156269,12060,4391,49160,5050,150,530,,23333,61595,49160,45514,61595,3951,1008,419,1855,591,10,16,,28,24,1855,2072,24,2.53,2845,1.85,20689,15.26,58,1.49,267,7.25
7/23/2020,CA,Los Angeles County (without the cities of Long Beach or Pasadena),County,157983,12205,4451,49937,5125,153,547,,23534,62031,49937,46015,62031,3998,1016,424,1882,600,10,16,,28,22,1882,2094,22,2.53,1714,1.1,18142,12.97,47,1.19,267,7.16
7/24/2020,CA,Los Angeles County (without the cities of Long Beach or Pasadena),County,159710,12400,4514,50791,5187,153,552,,23708,62405,50791,46514,62405,4035,1017,429,1906,606,10,19,,27,21,1906,2108,21,2.53,1727,1.09,17263,12.12,37,0.93,246,6.49
7/25/2020,CA,Los Angeles County (without the cities of Long Beach or Pasadena),County,163100,12691,4623,52836,5298,159,564,,23925,63004,52836,47260,63004,4086,1024,434,1938,609,11,19,,28,23,1938,2125,23,2.51,3390,2.12,18036,12.43,51,1.26,261,6.82
7/26/2020,CA,Los Angeles County (without the cities of Long Beach or Pasadena),County,164641,12787,4687,53203,5337,161,573,,24274,63619,53203,47819,63619,4093,1025,438,1938,609,11,19,,29,24,1938,2131,24,2.49,1541,0.94,16869,11.42,7,0.17,257,6.7
7/27/2020,CA,Los Angeles County (without the cities of Long Beach or Pasadena),County,166652,12885,4727,54353,5391,163,575,,24355,64203,54353,48096,64203,4108,1032,438,1942,612,12,19,,28,25,1942,2141,25,2.47,2011,1.22,15752,10.44,15,0.37,264,6.87
7/28/2020,CA,Los Angeles County (without the cities of Long Beach or Pasadena),County,169158,12999,4774,54846,5433,162,581,,24507,65856,54846,48456,65856,4159,1038,441,1976,619,12,19,,28,26,1976,2157,26,2.46,2506,1.5,15734,10.26,51,1.24,266,6.83
7/29/2020,CA,Los Angeles County (without the cities of Long Beach or Pasadena),County,173565,13304,4907,57703,5551,164,595,,24531,66810,57703,49052,66810,4243,1049,449,2035,632,12,19,,27,20,2035,2188,20,2.44,4407,2.61,17296,11.07,84,2.02,292,7.39
7/30/2020,CA,Los Angeles County (without the cities of Long Beach or Pasadena),County,175981,13442,4974,59065,5623,165,594,,24458,67660,59065,49256,67660,4277,1060,452,2050,639,12,19,,28,17,2050,2210,17,2.43,2416,1.39,17998,11.39,34,0.8,279,6.98
7/31/2020,CA,Los Angeles County (without the cities of Long Beach or Pasadena),County,178426,13578,5042,60342,5696,169,598,,24356,68645,60342,49439,68645,4339,1069,458,2087,649,12,19,,27,18,2087,2234,18,2.43,2445,1.39,18716,11.72,62,1.45,304,7.53
8/1/2020,CA,Los Angeles County (without the cities of Long Beach or Pasadena),County,180578,13711,5115,61795,5751,170,600,,24208,69228,61795,49555,69228,4384,1077,465,2112,653,12,19,,27,19,2112,2253,19,2.43,2152,1.21,17478,10.72,45,1.04,298,7.29
8/2/2020,CA,Los Angeles County (without the cities of Long Beach or Pasadena),County,181888,13776,5148,62367,5792,172,603,,24219,69811,62367,49710,69811,4407,1079,468,2125,657,12,20,,26,20,2125,2262,20,2.42,1310,0.73,17247,10.48,23,0.52,314,7.67
8/3/2020,CA,Los Angeles County (without the cities of Long Beach or Pasadena),County,183499,13861,5183,63328,5825,173,606,,24272,70251,63328,49920,70251,4415,1080,469,2130,659,12,20,,27,18,2130,2267,18,2.41,1611,0.89,16847,10.11,8,0.18,307,7.47
8/4/2020,CA,Los Angeles County (without the cities of Long Beach or Pasadena),County,185236,13990,5240,64316,5875,175,607,,24264,70769,64316,50151,70769,4471,1085,475,2168,666,12,18,,29,18,2168,2285,18,2.41,1737,0.95,16078,9.5,56,1.27,312,7.5
8/5/2020,CA,Los Angeles County (without the cities of Long Beach or Pasadena),County,187527,14212,5325,65470,5960,176,609,,24514,71261,65470,50796,71261,4537,1100,479,2207,676,12,18,,28,17,2207,2313,17,2.42,2291,1.24,13962,8.04,66,1.48,294,6.93
8/6/2020,CA,Los Angeles County (without the cities of Long Beach or Pasadena),County,190456,14387,5393,66703,6031,178,613,,24612,72539,66703,51214,72539,4578,1101,483,2237,686,12,16,,27,16,2237,2325,16,2.4,2929,1.56,14475,8.23,41,0.9,301,7.04
8/7/2020,CA,Los Angeles County (without the cities of Long Beach or Pasadena),County,193423,14601,5476,67805,6105,179,620,,24807,73830,67805,51788,73830,4627,1113,483,2264,694,12,16,,28,17,2264,2346,17,2.39,2967,1.56,14997,8.41,49,1.07,288,6.64
8/8/2020,CA,Los Angeles County (without the cities of Long Beach or Pasadena),County,195926,14801,5559,68945,6208,179,623,,24898,74713,68945,52268,74713,4675,1120,487,2293,704,11,16,,28,16,2293,2366,16,2.39,2503,1.29,15348,8.5,48,1.04,291,6.64
8/9/2020,CA,Los Angeles County (without the cities of Long Beach or Pasadena),County,197676,14929,5591,69752,6258,180,626,,24996,75344,69752,52580,75344,4685,1121,487,2301,706,11,16,,28,15,2301,2369,15,2.37,1750,0.89,15788,8.68,10,0.21,278,6.31
8/10/2020,CA,Los Angeles County (without the cities of Long Beach or Pasadena),County,199537,15061,5654,70470,6289,181,630,,25212,76040,70470,53027,76040,4704,1125,489,2313,706,11,16,,28,16,2313,2375,16,2.36,1861,0.94,16038,8.74,19,0.41,289,6.55
8/11/2020,CA,Los Angeles County (without the cities of Long Beach or Pasadena),County,200802,15163,5701,71015,6352,182,636,,25251,76502,71015,53285,76502,4763,1138,490,2345,716,11,16,,30,17,2345,2401,17,2.37,1265,0.63,15566,8.4,59,1.25,292,6.53
8/12/2020,CA,Los Angeles County (without the cities of Long Beach or Pasadena),County,202854,15317,5767,71945,6423,182,645,,25432,77143,71945,53766,77143,4814,1149,492,2380,725,11,18,,26,13,2380,2421,13,2.37,2052,1.02,15327,8.17,51,1.07,277,6.11
8/13/2020,CA,Los Angeles County (without the cities of Long Beach or Pasadena),County,204710,15500,5867,72861,6501,184,652,,25919,77226,72861,54623,77226,4873,1159,495,2416,732,12,17,,26,16,2416,2441,16,2.38,1856,0.91,14254,7.48,59,1.23,295,6.44
8/14/2020,CA,Los Angeles County (without the cities of Long Beach or Pasadena),County,207090,15684,5949,73807,6552,187,659,,26145,78107,73807,55176,78107,4915,1168,499,2442,737,12,18,,28,11,2442,2462,11,2.37,2380,1.16,13667,7.07,42,0.86,288,6.22
8/15/2020,CA,Los Angeles County (without the cities of Long Beach or Pasadena),County,209021,15813,6016,74582,6611,187,663,,26196,78953,74582,55486,78953,4945,1170,499,2465,738,12,18,,30,13,2465,2467,13,2.37,1931,0.93,13095,6.68,30,0.61,270,5.78
8/16/2020,CA,Los Angeles County (without the cities of Long Beach or Pasadena),County,210104,15898,6044,74908,6645,188,663,,26287,79471,74908,55725,79471,4953,1173,500,2470,738,12,18,,31,11,2470,2472,11,2.36,1083,0.52,12428,6.29,8,0.16,268,5.72
8/17/2020,CA,Los Angeles County (without the cities of Long Beach or Pasadena),County,211264,16001,6098,75390,6687,188,666,,26361,79873,75390,56001,79873,4972,1178,501,2479,743,12,16,,31,12,2479,2481,12,2.35,1160,0.55,11727,5.88,19,0.38,268,5.7
8/18/2020,CA,Los Angeles County (without the cities of Long Beach or Pasadena),County,212062,16071,6117,75717,6715,187,667,,26330,80258,75717,56087,80258,5034,1192,506,2506,756,11,16,,35,12,2506,2516,12,2.37,798,0.38,11260,5.61,62,1.25,271,5.69
8/19/2020,CA,Los Angeles County (without the cities of Long Beach or Pasadena),County,213784,16213,6185,76615,6766,187,666,,26341,80811,76615,56358,80811,5086,1204,512,2535,762,10,16,,33,14,2535,2537,14,2.38,1722,0.81,10930,5.39,52,1.03,272,5.65
8/20/2020,CA,Los Angeles County (without the cities of Long Beach or Pasadena),County,215214,16336,6229,77396,6805,188,667,,26373,81220,77396,56598,81220,5136,1214,519,2565,767,10,16,,32,13,2565,2558,13,2.39,1430,0.67,10504,5.13,50,0.98,263,5.4
8/21/2020,CA,Los Angeles County (without the cities of Long Beach or Pasadena),County,216864,16492,6279,78244,6840,188,670,,26355,81796,78244,56824,81796,5180,1225,525,2590,769,10,17,,31,13,2590,2577,13,2.39,1650,0.77,9774,4.72,44,0.86,265,5.39
8/22/2020,CA,Los Angeles County (without the cities of Long Beach or Pasadena),County,218378,16635,6343,79082,6894,188,675,,26429,82132,79082,57164,82132,5225,1235,527,2618,774,10,17,,28,16,2618,2591,16,2.39,1514,0.7,9357,4.48,45,0.87,280,5.66
8/23/2020,CA,Los Angeles County (without the cities of Long Beach or Pasadena),County,219301,16720,6361,79378,6920,189,678,,26472,82583,79378,57340,82583,5233,1235,527,2625,775,10,17,,28,16,2625,2592,16,2.39,923,0.42,9197,4.38,8,0.15,280,5.65
8/24/2020,CA,Los Angeles County (without the cities of Long Beach or Pasadena),County,220491,16819,6388,79723,6940,189,679,,26551,83202,79723,57566,83202,5246,1240,527,2633,776,10,17,,28,15,2633,2598,15,2.38,1190,0.54,9227,4.37,13,0.25,274,5.51
8/25/2020,CA,Los Angeles County (without the cities of Long Beach or Pasadena),County,221331,16946,6434,80214,6972,191,679,,26543,83352,80214,57765,83352,5291,1251,529,2662,779,10,17,,29,14,2662,2615,14,2.39,840,0.38,9269,4.37,45,0.86,257,5.11
8/26/2020,CA,Los Angeles County (without the cities of Long Beach or Pasadena),County,222835,17139,6482,81013,7012,191,682,,26547,83769,81013,58053,83769,5344,1266,534,2690,789,10,15,,26,14,2690,2640,14,2.4,1504,0.68,9051,4.23,53,1,258,5.07
8/27/2020,CA,Los Angeles County (without the cities of Long Beach or Pasadena),County,224391,17269,6522,81796,7054,196,681,,26557,84316,81796,58279,84316,5381,1269,536,2715,796,10,15,,27,13,2715,2653,13,2.4,1556,0.7,9177,4.26,37,0.69,245,4.77
8/28/2020,CA,Los Angeles County (without the cities of Long Beach or Pasadena),County,225769,17415,6563,82422,7096,198,683,,26609,84783,82422,58564,84783,5412,1275,541,2727,802,10,15,,27,15,2727,2670,15,2.4,1378,0.61,8905,4.11,31,0.58,232,4.48
8/29/2020,CA,Los Angeles County (without the cities of Long Beach or Pasadena),County,226974,17528,6596,83050,7124,198,683,,26561,85234,83050,58690,85234,5436,1278,541,2745,805,11,15,,28,13,2745,2678,13,2.39,1205,0.53,8596,3.94,24,0.44,211,4.04
8/30/2020,CA,Los Angeles County (without the cities of Long Beach or Pasadena),County,227895,17608,6625,83383,7143,198,683,,26615,85640,83383,58872,85640,5442,1277,541,2751,805,11,16,,28,13,2751,2678,13,2.39,921,0.41,8594,3.92,6,0.11,209,3.99
8/31/2020,CA,Los Angeles County (without the cities of Long Beach or Pasadena),County,228908,17719,6660,83755,7168,198,683,,26707,86018,83755,59135,86018,5457,1283,543,2759,805,11,15,,27,14,2759,2684,14,2.38,1013,0.44,8417,3.82,15,0.28,211,4.02
9/1/2020,CA,Los Angeles County (without the cities of Long Beach or Pasadena),County,229621,17839,6701,84122,7199,198,685,,26675,86202,84122,59297,86202,5502,1295,544,2781,812,11,15,,28,16,2781,2705,16,2.4,713,0.31,8290,3.75,45,0.82,211,3.99
9/2/2020,CA,Los Angeles County (without the cities of Long Beach or Pasadena),County,230874,17972,6767,84865,7249,202,686,,26606,86527,84865,59482,86527,5550,1300,549,2809,823,11,15,,28,15,2809,2726,15,2.4,1253,0.55,8039,3.61,48,0.87,206,3.85
9/3/2020,CA,Los Angeles County (without the cities of Long Beach or Pasadena),County,231869,18102,6823,85517,7289,204,695,,26540,86699,85517,59653,86699,5594,1318,550,2825,829,11,15,,28,18,2825,2751,18,2.41,995,0.43,7478,3.33,44,0.79,213,3.96
9/4/2020,CA,Los Angeles County (without the cities of Long Beach or Pasadena),County,233181,18247,6906,86222,7332,207,693,,26483,87091,86222,59868,87091,5637,1329,552,2853,834,11,15,,28,15,2853,2769,15,2.42,1312,0.57,7412,3.28,43,0.77,225,4.16
9/5/2020,CA,Los Angeles County (without the cities of Long Beach or Pasadena),County,234266,18379,6969,86886,7360,210,694,,26494,87274,86886,60106,87274,5656,1334,553,2867,835,10,15,,28,14,2867,2775,14,2.41,1085,0.47,7292,3.21,19,0.34,220,4.05
9/6/2020,CA,Los Angeles County (without the cities of Long Beach or Pasadena),County,234973,18423,6985,87100,7373,211,697,,26506,87678,87100,60195,87678,5661,1335,553,2870,836,10,15,,28,14,2870,2777,14,2.41,707,0.3,7078,3.11,5,0.09,219,4.02
9/7/2020,CA,Los Angeles County (without the cities of Long Beach or Pasadena),County,235455,18469,7005,87195,7381,211,697,,26570,87927,87195,60333,87927,5686,1338,555,2886,838,10,15,,30,14,2886,2786,14,2.41,482,0.21,6547,2.86,25,0.44,229,4.2
9/8/2020,CA,Los Angeles County (without the cities of Long Beach or Pasadena),County,235874,18513,7027,87278,7392,211,698,,26636,88119,87278,60477,88119,5692,1335,556,2892,839,10,15,,30,15,2892,2785,15,2.41,419,0.18,6253,2.72,6,0.11,190,3.45
9/9/2020,CA,Los Angeles County (without the cities of Long Beach or Pasadena),County,236459,18576,7067,87688,7420,212,698,,26574,88224,87688,60547,88224,5746,1343,564,2921,842,10,15,,33,18,2921,2807,18,2.43,585,0.25,5585,2.42,54,0.95,196,3.53
9/10/2020,CA,Los Angeles County (without the cities of Long Beach or Pasadena),County,237532,18712,7109,88402,7457,212,702,,26522,88416,88402,60714,88416,5784,1348,569,2941,845,10,17,,35,19,2941,2824,19,2.44,1073,0.45,5663,2.44,38,0.66,190,3.4
9/11/2020,CA,Los Angeles County (without the cities of Long Beach or Pasadena),County,238523,18823,7152,89030,7502,215,705,,26450,88646,89030,60847,88646,5824,1363,570,2958,853,10,17,,35,18,2958,2848,18,2.44,991,0.42,5342,2.29,40,0.69,187,3.32
9/12/2020,CA,Los Angeles County (without the cities of Long Beach or Pasadena),County,239574,18966,7220,89643,7542,218,710,,26431,88844,89643,61087,88844,5844,1365,574,2974,853,11,16,,33,18,2974,2852,18,2.44,1051,0.44,5308,2.27,20,0.34,188,3.32
9/13/2020,CA,Los Angeles County (without the cities of Long Beach or Pasadena),County,240339,19071,7248,89919,7564,221,713,,26522,89081,89919,61339,89081,5854,1367,574,2980,854,11,17,,33,18,2980,2856,18,2.44,765,0.32,5366,2.28,10,0.17,193,3.41
9/16/2020,CA,Los Angeles County (without the cities of Long Beach or Pasadena),County,242398,19326,7327,91190,7647,225,715,,26456,89512,91190,61696,89512,5947,1388,580,3034,864,11,18,,33,19,3034,2894,19,2.45,,,5939,2.51,,,201,3.5
9/23/2020,CA,Los Angeles County (without the cities of Long Beach or Pasadena),County,249182,20113,7580,94543,7873,236,738,,26648,91451,94543,63188,91451,6063,1404,592,3104,881,12,21,,30,19,3104,2940,19,2.43,,,6784,2.8,,,116,1.95
9/30/2020,CA,Los Angeles County (without the cities of Long Beach or Pasadena),County,255831,20833,7816,97260,8096,245,753,,27020,93808,97260,64763,93808,6207,1432,607,3183,902,12,21,,33,17,3183,3007,17,2.43,,,6649,2.67,,,144,2.38
10/7/2020,CA,Los Angeles County (without the cities of Long Beach or Pasadena),County,262634,21546,8025,99746,8293,251,775,,27406,96592,99746,66296,96592,6332,1462,617,3248,919,12,22,,36,16,3248,3068,16,2.41,,,6803,2.66,,,125,2.01
10/14/2020,CA,Los Angeles County (without the cities of Long Beach or Pasadena),County,269890,22252,8186,102470,8499,256,789,,27911,99527,102470,67893,99527,6430,1495,619,3298,928,12,20,,41,17,3298,3115,17,2.38,,,7256,2.76,,,98,1.55
10/21/2020,CA,Los Angeles County (without the cities of Long Beach or Pasadena),County,275040,22840,8364,105192,8691,264,791,,28130,100768,105192,69080,100768,6560,1526,631,3368,943,13,21,,36,22,3368,3170,22,2.39,,,5150,1.91,,,130,2.02
7/7/2020,CA,"Orange County, CA",County,18892,2988,187,5754,1062,22,58,84,1944,6793,5754,6345,6793,369,123,6,133,64,2,5,5,28,3,133,233,3,1.95,1010,5.65,5049,36.47,3,0.82,29,8.53
7/8/2020,CA,"Orange County, CA",County,20225,3164,194,5892,1090,25,60,86,2111,7603,5892,6730,7603,376,124,6,138,65,2,5,5,28,3,138,235,3,1.86,1333,7.06,5812,40.32,7,1.9,31,8.99
7/9/2020,CA,"Orange County, CA",County,21517,3357,198,6096,1125,25,62,85,2303,8266,6096,7155,8266,402,131,6,148,67,2,5,5,30,8,148,246,8,1.87,1292,6.39,6452,42.83,26,6.91,48,13.56
7/10/2020,CA,"Orange County, CA",County,22650,3560,208,6227,1158,27,69,87,2489,8825,6227,7598,8825,412,133,6,151,67,2,5,5,31,12,151,249,12,1.82,1133,5.27,6872,43.55,10,2.49,52,14.44
7/13/2020,CA,"Orange County, CA",County,25255,3950,220,6525,1219,27,72,91,2949,10202,6525,8528,10202,424,138,6,156,67,2,5,6,32,12,156,256,12,1.68,,,7373,41.23,,,58,15.85
7/14/2020,CA,"Orange County, CA",County,26120,4178,224,6846,1253,28,73,99,2990,10429,6846,8845,10429,433,144,6,159,69,3,5,6,36,5,159,269,5,1.66,865,3.43,7228,38.26,9,2.12,64,17.34
7/15/2020,CA,"Orange County, CA",County,27031,4323,232,6985,1279,28,76,103,3100,10905,6985,9141,10905,455,149,6,168,74,3,5,6,36,8,168,279,8,1.68,911,3.49,6806,33.65,22,5.08,79,21.01
7/16/2020,CA,"Orange County, CA",County,27904,4441,238,7092,1307,28,80,107,3193,11418,7092,9394,11418,466,150,6,172,78,3,5,6,36,10,172,284,10,1.67,873,3.23,6387,29.68,11,2.42,64,15.92
7/17/2020,CA,"Orange County, CA",County,28309,4492,238,7181,1324,30,82,106,3259,11597,7181,9531,11597,469,152,6,173,78,3,5,6,37,9,173,287,9,1.66,405,1.45,5659,24.98,3,0.64,57,13.83
7/18/2020,CA,"Orange County, CA",County,29011,4521,243,7229,1331,31,83,106,3296,12171,7229,9611,12171,494,159,6,183,79,3,7,6,39,12,183,299,12,1.7,702,2.48,,,25,5.33,,
7/20/2020,CA,"Orange County, CA",County,29986,4672,248,7434,1364,31,87,111,3405,12634,7434,9918,12634,493,160,6,188,79,3,7,6,39,5,188,300,5,1.64,,,4731,18.73,,,69,16.27
7/21/2020,CA,"Orange County, CA",County,30976,4805,253,7580,1387,31,89,113,3523,13195,7580,10201,13195,513,165,6,199,82,3,7,6,40,5,199,309,5,1.66,990,3.3,4856,18.59,20,4.06,80,18.48
7/22/2020,CA,"Orange County, CA",County,31743,4884,258,7671,1413,31,95,115,3658,13618,7671,10454,13618,521,168,6,203,82,3,7,6,40,6,203,312,6,1.64,767,2.48,4712,17.43,8,1.56,66,14.51
7/23/2020,CA,"Orange County, CA",County,32648,4996,262,7764,1437,31,100,117,3773,14168,7764,10716,14168,543,174,6,210,82,3,8,6,44,10,210,323,10,1.66,905,2.85,4744,17,22,4.22,77,16.52
7/24/2020,CA,"Orange County, CA",County,33358,5081,270,7851,1444,31,101,122,3845,14613,7851,10894,14613,556,177,7,214,85,3,8,6,43,13,214,329,13,1.67,710,2.17,5049,17.84,13,2.39,87,18.55
7/25/2020,CA,"Orange County, CA",County,33953,5134,271,7878,1455,31,101,122,3923,15038,7878,11037,15038,562,181,7,216,85,3,8,6,43,13,216,333,13,1.66,595,1.78,4942,17.03,6,1.08,68,13.77
7/26/2020,CA,"Orange County, CA",County,34373,5204,272,8030,1480,31,101,127,3972,15156,8030,11187,15156,564,181,7,217,85,3,8,6,43,14,217,333,14,1.64,420,1.24,,,2,0.36,,
7/27/2020,CA,"Orange County, CA",County,34646,5247,274,8094,1491,31,103,128,4050,15228,8094,11324,15228,566,181,7,218,85,3,8,6,44,14,218,334,14,1.63,273,0.79,4660,15.54,2,0.35,73,14.81
6/18/2020,CA,San Diego County,County,10092,1755,315,5639,532,13,69,68,,1701,5639,2752,1701,331,136,9,140,40,0,1,0,,5,140,186,5,3.28,238,2.42,1094,12.16,4,1.22,23,7.47
6/19/2020,CA,San Diego County,County,10350,1807,321,5783,538,14,69,72,,1746,5783,2821,1746,332,138,9,140,41,0,1,0,,3,140,189,3,3.21,258,2.56,1220,13.36,1,0.3,19,6.07
6/20/2020,CA,San Diego County,County,10484,1842,327,5872,548,14,71,77,,1733,5872,2879,1733,338,141,9,143,41,0,1,0,,3,143,192,3,3.22,134,1.29,1170,12.56,6,1.81,19,5.96
6/21/2020,CA,San Diego County,County,10794,1888,345,6002,558,14,74,81,,1832,6002,2960,1832,338,141,9,143,41,0,1,0,,3,143,192,3,3.13,310,2.96,1354,14.34,0,0,19,5.96
6/22/2020,CA,San Diego County,County,11096,1933,358,6137,569,14,79,83,,1923,6137,3036,1923,338,141,10,143,41,0,1,0,,2,143,193,2,3.05,302,2.8,1486,15.46,0,0,18,5.63
6/23/2020,CA,San Diego County,County,11294,1984,373,6275,589,14,81,88,,1890,6275,3129,1890,341,141,10,146,41,0,1,0,,2,146,193,2,3.02,198,1.78,1564,16.07,3,0.89,18,5.57
6/24/2020,CA,San Diego County,County,11626,2049,384,6358,603,14,84,94,,2040,6358,3228,2040,347,144,10,148,41,0,1,0,,3,148,196,3,2.98,332,2.94,1772,17.98,6,1.76,20,6.12
6/25/2020,CA,San Diego County,County,11961,2134,399,6508,613,14,86,97,,2110,6508,3343,2110,352,146,10,150,41,0,1,0,,4,150,198,4,2.94,335,2.88,1869,18.52,5,1.44,21,6.34
6/26/2020,CA,San Diego County,County,12401,2224,416,6665,626,14,92,99,,2265,6665,3471,2265,358,149,10,154,41,0,1,0,,3,154,201,3,2.89,440,3.68,2051,19.82,6,1.7,26,7.83
6/27/2020,CA,San Diego County,County,12837,2316,437,6845,652,15,93,108,,2371,6845,3621,2371,360,150,11,154,41,0,1,0,,3,154,203,3,2.8,436,3.52,2353,22.44,2,0.56,22,6.51
6/28/2020,CA,San Diego County,County,13334,2413,457,7001,680,17,97,111,,2558,7001,3775,2558,361,150,11,154,42,0,1,0,,3,154,204,3,2.71,497,3.87,2540,23.53,1,0.28,23,6.8
6/29/2020,CA,San Diego County,County,13832,2494,478,7168,694,17,98,114,,2769,7168,3895,2769,361,150,11,154,42,0,1,0,,3,154,204,3,2.61,498,3.73,2736,24.66,0,0,23,6.8
6/30/2020,CA,San Diego County,County,14149,2572,486,7300,701,18,101,116,,2855,7300,3994,2855,365,151,11,155,44,0,1,0,,3,155,207,3,2.58,317,2.29,2855,25.28,4,1.11,24,7.04
7/1/2020,CA,San Diego County,County,14623,2661,506,7506,723,20,102,121,,2984,7506,4133,2984,372,152,12,159,44,0,1,0,,4,159,209,4,2.54,474,3.35,2997,25.78,7,1.92,25,7.2
7/2/2020,CA,San Diego County,County,15207,2791,542,7747,736,21,105,134,,3131,7747,4329,3131,377,153,12,162,44,0,1,1,,4,162,211,4,2.48,584,3.99,3246,27.14,5,1.34,25,7.1
7/3/2020,CA,San Diego County,County,15696,2924,569,7981,768,22,106,143,,3183,7981,4532,3183,387,155,13,167,45,0,1,1,,5,167,215,5,2.47,489,3.22,3295,26.57,10,2.65,29,8.1
7/5/2020,CA,San Diego County,County,16726,3182,606,8402,815,24,111,163,,3423,8402,4901,3423,387,155,13,167,45,0,1,1,,5,167,215,5,2.31,,,3392,25.44,,,26,7.2
7/6/2020,CA,San Diego County,County,17000,3258,615,8511,825,24,111,170,,3486,8511,5003,3486,387,155,13,167,45,0,1,1,,5,167,215,5,2.28,274,1.64,3168,22.9,0,0,26,7.2
7/7/2020,CA,San Diego County,County,17578,3372,635,8723,838,28,115,181,,3686,8723,5169,3686,399,157,13,175,45,0,1,1,,7,175,217,7,2.27,578,3.4,3429,24.23,12,3.1,34,9.32
7/8/2020,CA,San Diego County,County,17842,3445,642,8926,847,29,116,185,,3652,8926,5264,3652,406,158,15,178,46,0,1,1,,7,178,221,7,2.28,264,1.5,3219,22.01,7,1.75,34,9.14
7/9/2020,CA,San Diego County,County,18402,3577,666,9209,871,31,124,190,,3734,9209,5459,3734,415,161,16,182,46,0,1,1,,8,182,225,8,2.26,560,3.14,3195,21.01,9,2.22,38,10.08
7/10/2020,CA,San Diego County,County,18863,3707,690,9409,892,34,126,200,,3805,9409,5649,3805,420,162,16,183,47,0,2,1,,9,183,228,9,2.23,461,2.51,3167,20.18,5,1.2,33,8.53
7/11/2020,CA,San Diego County,County,19371,3822,712,9620,923,35,133,206,,3920,9620,5831,3920,422,162,16,184,48,0,2,1,,9,184,229,9,2.18,508,2.69,,,2,0.48,,
7/12/2020,CA,San Diego County,County,19929,3945,736,9805,950,36,136,220,,4101,9805,6023,4101,422,162,16,184,48,0,2,1,,9,184,229,9,2.12,558,2.88,3203,19.15,0,0,35,9.04
7/13/2020,CA,San Diego County,County,20348,4029,749,9965,969,36,139,222,,4239,9965,6144,4239,422,162,16,184,48,0,2,1,,9,184,229,9,2.07,419,2.1,3348,19.69,0,0,35,9.04
7/14/2020,CA,San Diego County,County,20887,4144,768,10172,987,37,140,225,,4414,10172,6301,4414,436,166,16,190,52,0,2,1,,9,190,237,9,2.09,539,2.65,3309,18.82,14,3.32,37,9.27
7/15/2020,CA,San Diego County,County,21446,4272,786,10347,1008,43,146,236,,4608,10347,6491,4608,448,168,18,193,53,0,2,1,,13,193,242,13,2.09,559,2.68,3604,20.2,12,2.75,42,10.34
7/16/2020,CA,San Diego County,County,21885,4380,806,10530,1026,49,149,241,,4674,10530,6651,4674,465,174,18,200,55,0,2,1,,15,200,250,15,2.12,439,2.05,3483,18.93,17,3.79,50,12.05
7/17/2020,CA,San Diego County,County,22489,4509,832,10795,1047,52,152,249,,4853,10795,6841,4853,472,176,18,205,55,0,2,1,,15,205,252,15,2.1,604,2.76,3626,19.22,7,1.51,52,12.38
7/18/2020,CA,San Diego County,County,23114,4629,847,11065,1084,55,153,256,,5025,11065,7024,5025,478,177,18,208,55,0,3,1,,16,208,254,16,2.07,625,2.78,3743,19.32,6,1.27,56,13.27
7/19/2020,CA,San Diego County,County,23682,4751,864,11262,1108,57,156,261,,5223,11262,7197,5223,478,177,18,208,55,0,3,1,,16,208,254,16,2.02,568,2.46,3753,18.83,0,0,56,13.27
7/20/2020,CA,San Diego County,County,24135,4848,880,11430,1135,58,162,263,,5359,11430,7346,5359,478,177,18,208,55,0,3,1,,16,208,254,16,1.98,453,1.91,3787,18.61,0,0,56,13.27
7/21/2020,CA,San Diego County,County,24520,4941,895,11625,1147,59,165,267,,5421,11625,7474,5421,487,186,18,217,56,0,3,1,,6,217,264,6,1.99,385,1.6,3633,17.39,9,1.88,51,11.7
7/22/2020,CA,San Diego County,County,25107,5065,918,11997,1172,62,169,272,,5452,11997,7658,5452,505,190,19,222,58,0,3,1,,12,222,271,12,2.01,587,2.39,3661,17.07,18,3.7,57,12.72
7/23/2020,CA,San Diego County,County,25608,5160,942,12224,1191,61,174,281,,5575,12224,7809,5575,512,194,19,224,58,0,3,1,,13,224,275,13,2,501,2,3723,17.01,7,1.39,47,10.11
7/24/2020,CA,San Diego County,County,26098,5269,961,12451,1220,67,177,284,,5669,12451,7978,5669,524,196,20,231,58,0,3,1,,15,231,278,15,2.01,490,1.91,3609,16.05,12,2.34,52,11.02
7/26/2020,CA,San Diego County,County,26984,5416,991,12852,1262,73,177,297,,5916,12852,8216,5916,533,199,20,235,60,0,3,1,,15,235,283,15,1.98,281,1.05,3302,13.94,0,0,55,11.51
7/27/2020,CA,San Diego County,County,27507,5515,1012,13092,1292,82,182,302,,6030,13092,8385,6030,533,199,20,235,60,0,3,1,,15,235,283,15,1.94,523,1.94,3372,13.97,0,0,55,11.51
6/4/2020,CA,San Francisco,City,2644,396,132,1263,333,,31,31,23,420,1263,946,420,43,11,4,7,20,,,,,1,7,35,1,1.63,,,,,0,0,,
6/5/2020,CA,San Francisco,City,2712,403,132,1316,342,12,32,35,23,417,1316,979,417,43,11,4,7,20,,,,,1,7,35,1,1.59,68,2.57,,,0,0,0,0
6/6/2020,CA,San Francisco,City,2747,410,134,1335,346,12,32,37,23,418,1335,994,418,43,11,4,7,20,,,,,1,7,35,1,1.57,35,1.29,,,0,0,0,0
6/7/2020,CA,San Francisco,City,2779,413,135,1353,349,12,32,37,23,425,1353,1001,425,43,11,4,7,20,,,,,1,7,35,1,1.55,32,1.16,,,0,0,0,0
6/8/2020,CA,San Francisco,City,2793,415,137,1363,349,12,32,37,23,425,1363,1005,425,44,11,4,7,21,,,,,1,7,36,1,1.58,14,0.5,,,1,2.33,1,2.33
6/9/2020,CA,San Francisco,City,2809,415,138,1378,351,12,32,37,23,423,1378,1008,423,44,11,4,7,21,,,,,1,7,36,1,1.57,16,0.57,,,0,0,1,2.33
6/10/2020,CA,San Francisco,City,2840,419,139,1395,353,12,34,37,23,428,1395,1017,428,44,11,4,7,20,,,,,2,7,35,2,1.55,31,1.1,,,0,0,1,2.33
6/11/2020,CA,San Francisco,City,2877,425,140,1418,357,12,34,37,23,431,1418,1028,431,44,11,4,7,20,,,,,2,7,35,2,1.53,37,1.3,233,8.81,0,0,1,2.33
6/12/2020,CA,San Francisco,City,2906,427,140,1434,360,13,34,37,23,438,1434,1034,438,44,11,4,7,20,,,,,2,7,35,2,1.51,29,1.01,194,7.15,0,0,1,2.33
6/13/2020,CA,San Francisco,City,2928,432,141,1447,361,14,34,38,23,438,1447,1043,438,45,11,4,8,20,,,,,2,8,35,2,1.54,22,0.76,181,6.59,1,2.27,2,4.65
6/14/2020,CA,San Francisco,City,2952,437,141,1464,362,14,34,39,23,438,1464,1050,438,46,11,4,8,21,,,,,2,8,36,2,1.56,24,0.82,173,6.23,1,2.22,3,6.98
6/15/2020,CA,San Francisco,City,2971,441,141,1473,363,14,34,42,23,440,1473,1058,440,46,11,4,8,21,,,,,2,8,36,2,1.55,19,0.64,178,6.37,0,0,2,4.55
6/16/2020,CA,San Francisco,City,2982,443,142,1482,367,14,34,42,23,435,1482,1065,435,47,11,5,8,22,,,,,1,8,38,1,1.58,11,0.37,173,6.16,1,2.17,3,6.82
6/17/2020,CA,San Francisco,City,3020,452,142,1503,370,14,34,43,23,439,1503,1078,439,47,11,5,8,22,,,,,1,8,38,1,1.56,38,1.27,180,6.34,0,0,3,6.82
6/18/2020,CA,San Francisco,City,3057,456,142,1525,371,14,34,44,23,448,1525,1084,448,47,11,5,8,22,,,,,1,8,38,1,1.54,37,1.23,180,6.26,0,0,3,6.82
6/19/2020,CA,San Francisco,City,3058,456,142,1526,371,14,34,44,23,448,1526,1084,448,47,11,5,8,22,,,,,1,8,38,1,1.54,1,0.03,152,5.23,0,0,3,6.82
6/21/2020,CA,San Francisco,City,3185,479,149,1597,378,14,35,44,23,466,1597,1122,466,48,11,5,8,22,,,,,2,8,38,2,1.51,,,233,7.89,,,2,4.35
6/22/2020,CA,San Francisco,City,3219,483,150,1614,381,15,35,44,23,474,1614,1131,474,48,11,5,8,22,,,,,2,8,38,2,1.49,34,1.07,248,8.35,0,0,2,4.35
6/23/2020,CA,San Francisco,City,3249,496,152,1633,385,15,36,44,23,465,1633,1151,465,48,11,5,8,22,,,,,2,8,38,2,1.48,30,0.93,267,8.95,0,0,1,2.13
6/24/2020,CA,San Francisco,City,3297,503,155,1660,389,15,36,46,23,470,1660,1167,470,48,11,5,8,22,,,,,2,8,38,2,1.46,48,1.48,277,9.17,0,0,1,2.13
6/25/2020,CA,San Francisco,City,3400,520,166,1691,402,17,36,53,23,492,1691,1217,492,48,11,5,8,22,,,,,2,8,38,2,1.41,103,3.12,343,11.22,0,0,1,2.13
6/26/2020,CA,San Francisco,City,3468,537,172,1723,406,16,37,53,23,501,1723,1244,501,49,11,5,9,22,,,,,2,9,38,2,1.41,68,2,410,13.41,1,2.08,2,4.26
7/23/2020,CA,San Francisco,City,5679,915,321,2804,600,24,58,112,23,822,2804,2053,822,56,11,5,13,24,,,,,3,13,40,3,0.99,115,2.07,704,14.15,1,1.82,4,7.69
7/24/2020,CA,San Francisco,City,5787,929,327,2867,610,24,60,115,23,832,2867,2088,832,56,11,6,14,25,,,,,,14,42,,0.97,108,1.9,671,13.12,0,0,4,7.69
7/25/2020,CA,San Francisco,City,5932,945,340,2930,618,25,64,118,23,869,2930,2133,869,56,11,6,14,25,,,,,,14,42,,0.94,145,2.51,,,0,0,,
7/26/2020,CA,San Francisco,City,6022,951,352,2973,625,24,63,119,23,892,2973,2157,892,56,11,6,14,25,,,,,,14,42,,0.93,90,1.52,,,0,0,,
6/3/2020,CA,San Jose,City,2832,453,57,1161,538,,28,,142,453,1161,1218,453,144,39,9,47,47,,1,,1,0,47,97,0,5.08,20,0.71,,,,,,
6/4/2020,CA,San Jose,City,2850,456,57,1168,541,,28,,142,456,1168,1224,456,144,38,8,47,47,,1,,1,0,47,95,0,5.05,18,0.64,,,0,0,,
6/5/2020,CA,San Jose,City,2892,462,57,1185,549,,28,,144,462,1185,1240,462,144,38,8,47,47,,1,,1,0,47,95,0,4.98,42,1.47,113,4.07,0,0,,
6/6/2020,CA,San Jose,City,2920,467,58,1226,554,,29,,146,467,1226,1254,467,143,38,8,47,47,,1,,2,0,47,96,0,4.9,28,0.97,132,4.73,-1,-0.69,,
6/7/2020,CA,San Jose,City,2942,470,58,1235,558,,29,,147,470,1235,1262,470,144,38,8,47,47,,1,,2,0,47,96,0,4.89,22,0.75,151,5.41,1,0.7,,
6/8/2020,CA,San Jose,City,2973,475,59,1248,564,,29,,148,445,1248,1275,445,145,38,8,46,48,,1,,2,0,46,97,0,4.88,31,1.05,180,6.44,1,0.69,,
6/9/2020,CA,San Jose,City,3017,482,60,1267,573,,30,,150,482,1267,1295,482,146,38,8,46,48,,1,,2,0,46,97,0,4.84,44,1.48,205,7.29,1,0.69,,
6/10/2020,CA,San Jose,City,3032,485,60,1273,576,,30,,151,454,1273,1302,454,146,38,8,46,48,,0,,2,0,46,96,0,4.82,15,0.5,200,7.06,0,0,2,1.39
6/11/2020,CA,San Jose,City,3063,483,61,1274,575,,30,,153,483,1274,1302,483,148,38,8,47,49,,1,,1,1,47,97,1,4.83,31,1.02,213,7.47,2,1.37,4,2.78
6/12/2020,CA,San Jose,City,3117,492,66,1327,554,,31,,155,492,1327,1298,492,150,40,7,46,49,,1,,1,1,46,98,1,4.81,54,1.76,225,7.78,2,1.35,6,4.17
6/13/2020,CA,San Jose,City,3157,505,63,1325,568,,31,,157,505,1325,1324,505,150,40,7,48,49,,0,,3,1,48,99,1,4.75,40,1.28,237,8.12,0,0,7,4.9
6/14/2020,CA,San Jose,City,3197,505,63,1361,569,,31,,159,505,1361,1327,505,151,39,8,48,52,,,,3,0,48,102,0,4.72,40,1.27,255,8.67,1,0.67,7,4.86
6/15/2020,CA,San Jose,City,3230,510,64,1375,574,,32,,161,510,1375,1341,510,151,39,8,48,52,,,,3,0,48,102,0,4.67,33,1.03,257,8.64,0,0,6,4.14
6/16/2020,CA,San Jose,City,3254,514,65,1386,579,,32,,162,514,1386,1352,514,151,39,8,48,52,,,,3,0,48,102,0,4.64,24,0.74,237,7.86,0,0,5,3.42
6/17/2020,CA,San Jose,City,3288,519,55,1407,581,,19,,174,529,1407,1348,529,151,39,8,48,52,,,,3,0,48,102,0,4.59,34,1.04,256,8.44,0,0,5,3.42
6/18/2020,CA,San Jose,City,3363,521,60,1436,588,,20,,178,561,1436,1367,561,152,39,7,48,52,,,,2,1,48,100,1,4.52,75,2.28,300,9.79,1,0.66,4,2.7
6/19/2020,CA,San Jose,City,3398,523,61,1454,591,,20,,180,567,1454,1375,567,152,39,7,48,53,,,,2,1,48,101,1,4.47,35,1.04,281,9.02,0,0,2,1.33
6/20/2020,CA,San Jose,City,3458,622,62,1476,594,,20,,183,591,1476,1481,591,152,40,7,48,53,,,,2,2,48,102,2,4.4,60,1.77,301,9.53,0,0,2,1.33
6/21/2020,CA,San Jose,City,3547,542,63,1525,599,,21,,184,610,1525,1409,610,152,40,7,48,53,,,,2,2,48,102,2,4.29,89,2.57,350,10.95,0,0,1,0.66
6/22/2020,CA,San Jose,City,3606,551,61,1546,609,,21,,194,616,1546,1436,616,154,41,7,48,53,,,,3,2,48,104,2,4.27,59,1.66,376,11.64,2,1.32,3,1.99
6/23/2020,CA,San Jose,City,3727,559,63,1610,622,,22,,201,648,1610,1467,648,154,41,7,48,53,,,,3,2,48,104,2,4.13,121,3.36,473,14.54,0,0,3,1.99
6/24/2020,CA,San Jose,City,3832,574,68,1758,636,,22,,195,574,1758,1495,574,154,41,7,48,53,,,,3,2,48,104,2,4.02,105,2.82,544,16.55,0,0,3,1.99
6/25/2020,CA,San Jose,City,3888,583,69,1792,636,,23,,198,579,1792,1509,579,155,44,7,48,52,,,,3,1,48,106,1,3.99,56,1.46,525,15.61,1,0.65,3,1.97
6/26/2020,CA,San Jose,City,3984,597,75,1840,645,,21,,211,585,1840,1549,585,155,44,8,48,52,,,,3,0,48,107,0,3.89,96,2.47,586,17.25,0,0,3,1.97
6/27/2020,CA,San Jose,City,4125,618,78,1909,660,,24,,226,606,1909,1606,606,155,44,8,48,52,,,,3,0,48,107,0,3.76,141,3.54,667,19.29,0,0,3,1.97
6/28/2020,CA,San Jose,City,4162,624,79,1927,665,,24,,228,611,1927,1620,611,155,44,8,48,52,,,,3,0,48,107,0,3.72,37,0.9,615,17.34,0,0,3,1.97
6/29/2020,CA,San Jose,City,4265,635,85,1978,673,,25,,234,631,1978,1652,631,156,44,8,48,51,,,,2,3,48,105,3,3.66,103,2.47,659,18.28,1,0.65,2,1.3
6/30/2020,CA,San Jose,City,4370,646,87,2032,686,,26,,240,646,2032,1685,646,156,44,8,48,51,,,,2,3,48,105,3,3.57,105,2.46,643,17.25,0,0,2,1.3
7/1/2020,CA,San Jose,City,4572,653,96,2112,699,,32,,256,722,2112,1736,722,158,44,7,48,52,,,,3,4,48,106,4,3.46,202,4.62,740,19.31,2,1.28,4,2.6
7/2/2020,CA,San Jose,City,4750,676,95,2189,717,,33,,280,760,2189,1801,760,159,44,7,47,52,,,,3,6,47,106,6,3.35,178,3.89,862,22.17,1,0.63,4,2.58
7/3/2020,CA,San Jose,City,4849,690,96,2269,732,,33,,286,737,2269,1837,737,160,45,9,49,53,,,,3,1,49,110,1,3.3,99,2.08,865,21.71,1,0.63,5,3.23
7/5/2020,CA,San Jose,City,5273,737,107,2486,761,,34,,352,793,2486,1991,793,161,44,8,50,53,,,,2,4,50,107,4,3.05,,,1111,26.69,,,6,3.87
7/7/2020,CA,San Jose,City,5478,752,112,2563,765,,35,,386,862,2563,2050,862,165,46,8,51,54,,,,3,3,51,111,3,3.01,70,1.29,1108,25.35,1,0.61,9,5.77
7/8/2020,CA,San Jose,City,5552,761,113,2585,771,,36,,393,889,2585,2074,889,165,46,8,51,54,,,,3,3,51,111,3,2.97,74,1.35,980,21.43,0,0,7,4.43
7/9/2020,CA,San Jose,City,5678,776,115,2623,779,,38,,412,935,2623,2120,935,166,45,8,52,54,,,,4,3,52,111,3,2.92,126,2.27,928,19.54,1,0.61,7,4.4
7/10/2020,CA,San Jose,City,5863,793,117,2716,789,,39,,429,977,2716,2167,977,166,45,8,52,54,,,,4,3,52,111,3,2.83,185,3.26,1014,20.91,0,0,6,3.75
7/11/2020,CA,San Jose,City,5983,811,117,2759,798,,40,,455,997,2759,2221,997,166,45,8,52,54,,,,4,3,52,111,3,2.77,120,2.05,,,0,0,,
7/12/2020,CA,San Jose,City,6298,843,120,2888,813,,42,,498,1090,2888,2316,1090,166,45,8,52,54,,,,4,3,52,111,3,2.64,315,5.26,1025,19.44,0,0,5,3.11
7/13/2020,CA,San Jose,City,6542,870,121,2988,830,,43,,522,1144,2988,2386,1144,167,45,7,52,54,,,,4,5,52,110,5,2.55,244,3.87,1134,20.97,1,0.6,3,1.83
7/14/2020,CA,San Jose,City,6725,891,125,3086,845,,45,,548,1182,3086,2454,1182,170,47,8,53,55,,,,4,3,53,114,3,2.53,183,2.8,1247,22.76,3,1.8,5,3.03
7/16/2020,CA,San Jose,City,7046,922,131,3236,856,,49,,570,1278,3236,2528,1278,176,50,8,53,55,,,,4,6,53,117,6,2.5,95,1.37,1368,24.09,3,1.73,10,6.02
7/17/2020,CA,San Jose,City,7131,922,136,3268,862,,51,,581,1307,3268,2552,1307,177,50,8,54,54,,,,4,7,54,116,7,2.48,85,1.21,1268,21.63,1,0.57,11,6.63
7/19/2020,CA,San Jose,City,7456,961,143,3420,884,,52,,592,1400,3420,2632,1400,177,50,8,54,54,,,,4,7,54,116,7,2.37,156,2.14,1158,18.39,0,0,11,6.63
7/20/2020,CA,San Jose,City,7795,1003,147,3559,909,,53,,647,1473,3559,2759,1473,178,50,7,55,54,,,,5,7,55,116,7,2.28,339,4.55,1253,19.15,1,0.56,11,6.59
7/24/2020,CA,San Jose,City,8719,1101,162,4020,971,,60,,741,1664,4020,3035,1664,183,52,7,55,55,,,,4,4,55,118,4,2.1,,,1588,22.27,,,6,3.39
7/25/2020,CA,San Jose,City,8833,1130,165,4096,976,,61,,746,1659,4096,3078,1659,184,52,8,55,55,,,,5,6,55,120,6,2.08,114,1.31,1533,21,1,0.55,7,3.95
7/28/2020,CA,San Jose,City,9359,1160,168,4361,1001,,65,,804,1787,4361,3198,1787,185,58,7,56,56,,,,4,0,56,125,0,1.98,,,,,,,,
6/3/2020,CO,Denver County,County,5844,1536,607,3342,181,40,23,111,,4,3342,2498,4,239,101,40,76,11,1,1,5,,4,76,159,4,4.09,39,0.67,,,0,0,,
6/4/2020,CO,Denver County,County,5909,1548,620,3379,183,41,23,112,,3,3379,2527,3,285,121,48,90,14,1,1,5,,5,90,190,5,4.82,65,1.11,,,46,19.25,,
6/6/2020,CO,Denver County,County,5986,1538,616,3459,197,41,23,113,,,3459,2528,,288,121,48,93,14,2,2,6,,2,93,193,2,4.81,,,314,5.54,,,51,21.52
6/7/2020,CO,Denver County,County,6003,1542,618,3469,198,42,24,114,,,3469,2538,,288,121,48,93,14,2,2,6,,2,93,193,2,4.8,17,0.28,299,5.24,0,0,50,21.01
6/8/2020,CO,Denver County,County,6040,1552,622,3491,199,42,24,114,,,3491,2553,,295,126,48,95,14,2,2,6,,2,95,198,2,4.88,37,0.62,296,5.15,7,2.43,56,23.43
6/9/2020,CO,Denver County,County,6083,1563,626,3515,200,42,24,115,,,3515,2570,,295,127,48,94,14,2,2,6,,2,94,199,2,4.85,43,0.71,278,4.79,0,0,56,23.43
6/10/2020,CO,Denver County,County,6125,1574,630,3540,202,42,24,116,,,3540,2588,,297,128,48,95,14,2,2,6,,2,95,200,2,4.85,42,0.69,281,4.81,2,0.68,58,24.27
6/11/2020,CO,Denver County,County,6148,1580,633,3553,202,43,24,116,,,3553,2598,,299,127,47,100,13,2,2,5,,3,100,196,3,4.86,23,0.38,239,4.04,2,0.67,14,4.91
6/12/2020,CO,Denver County,County,6194,1591,637,3580,204,43,24,117,,,3580,2616,,301,127,48,101,13,1,1,5,,5,101,195,5,4.86,46,0.75,,,2,0.67,,
6/13/2020,CO,Denver County,County,6218,1598,640,3594,205,43,24,118,,,3594,2628,,301,127,48,101,13,1,1,5,,5,101,195,5,4.84,24,0.39,232,3.88,0,0,13,4.51
6/14/2020,CO,Denver County,County,6249,1574,637,3630,212,43,24,124,,5,3630,2614,5,301,127,48,101,13,1,1,5,,5,101,195,5,4.82,31,0.5,246,4.1,0,0,13,4.51
6/15/2020,CO,Denver County,County,6301,1587,642,3660,214,44,25,126,,3,3660,2638,3,305,128,49,103,13,1,1,5,,5,103,197,5,4.84,52,0.83,261,4.32,4,1.33,10,3.39
6/16/2020,CO,Denver County,County,6335,1596,646,3680,215,44,25,126,,3,3680,2652,3,304,130,48,101,13,1,1,5,,5,101,198,5,4.8,34,0.54,252,4.14,-1,-0.33,9,3.05
6/17/2020,CO,Denver County,County,6393,1623,639,3720,217,44,25,127,,,3720,2675,,304,130,48,101,13,1,1,5,,5,101,198,5,4.76,58,0.92,268,4.38,0,0,7,2.36
6/18/2020,CO,Denver County,County,6452,1638,638,3755,219,45,32,129,,,3755,2701,,304,130,48,101,13,1,1,5,,5,101,198,5,4.71,59,0.92,304,4.94,0,0,5,1.67
6/19/2020,CO,Denver County,County,6492,1648,636,3778,220,45,32,129,,4,3778,2710,4,304,130,48,101,13,1,1,5,,5,101,198,5,4.68,40,0.62,298,4.81,0,0,3,1
6/20/2020,CO,Denver County,County,6527,1657,639,3798,221,45,32,130,,5,3798,2724,5,304,130,48,101,13,1,1,5,,5,101,198,5,4.66,35,0.54,309,4.97,0,0,3,1
6/21/2020,CO,Denver County,County,6534,1659,640,3802,228,45,32,137,,,3802,2741,,304,130,48,101,13,1,1,5,,5,101,198,5,4.65,7,0.11,285,4.56,0,0,3,1
6/22/2020,CO,Denver County,County,6534,1659,640,3802,228,45,32,137,,,3802,2741,,304,130,48,101,13,1,1,5,,5,101,198,5,4.65,0,0,233,3.7,0,0,-1,-0.33
6/23/2020,CO,Denver County,County,6652,1682,645,3878,232,39,26,133,,17,3878,2757,17,305,132,48,100,13,1,1,5,,5,100,200,5,4.59,118,1.81,317,5,1,0.33,1,0.33
6/24/2020,CO,Denver County,County,6715,1705,651,3901,235,47,26,147,,3,3901,2811,3,305,133,49,98,13,1,1,5,,5,98,202,5,4.54,63,0.95,322,5.04,0,0,1,0.33
6/25/2020,CO,Denver County,County,6805,1864,694,3701,251,47,34,210,,4,3701,3100,4,305,144,46,87,13,1,1,5,,8,87,210,8,4.48,90,1.34,353,5.47,0,0,1,0.33
6/26/2020,CO,Denver County,County,6826,1871,694,3701,251,47,34,210,,18,3701,3107,18,306,146,46,86,13,1,1,8,,5,86,215,5,4.48,21,0.31,334,5.14,1,0.33,2,0.66
6/27/2020,CO,Denver County,County,6906,1906,697,3749,255,48,34,214,,3,3749,3154,3,307,147,46,86,13,1,1,8,,5,86,216,5,4.45,80,1.17,379,5.81,1,0.33,3,0.99
6/28/2020,CO,Denver County,County,6906,1906,697,3749,255,48,34,214,,3,3749,3154,3,307,147,46,86,13,1,1,8,,5,86,216,5,4.45,0,0,372,5.69,0,0,3,0.99
6/29/2020,CO,Denver County,County,6993,1937,706,3790,258,48,34,216,,4,3790,3199,4,309,150,46,87,13,1,1,8,,3,87,219,3,4.42,87,1.26,459,7.02,2,0.65,5,1.64
7/1/2020,CO,Denver County,County,7046,1958,711,3818,260,49,35,218,,,3818,3231,,309,150,46,87,13,1,1,8,,3,87,219,3,4.39,,,331,4.93,,,4,1.31
7/2/2020,CO,Denver County,County,7131,1989,720,3857,256,49,35,221,,4,3857,3270,4,318,154,47,89,13,1,1,8,,5,89,224,5,4.46,85,1.21,326,4.79,9,2.91,13,4.26
7/3/2020,CO,Denver County,County,7242,2056,731,3903,260,50,36,195,,11,3903,3328,11,321,155,47,89,13,3,1,6,,7,89,225,7,4.43,111,1.56,416,6.09,3,0.94,15,4.9
7/6/2020,CO,Denver County,County,7369,2114,736,3957,265,51,36,206,,4,3957,3408,4,321,156,47,89,14,3,1,7,,4,89,228,4,4.36,,,376,5.38,,,12,3.88
7/7/2020,CO,Denver County,County,7441,2135,744,4003,260,52,37,208,,2,4003,3436,2,323,157,47,90,14,3,1,7,,4,90,229,4,4.34,72,0.98,,,2,0.62,,
7/8/2020,CO,Denver County,County,7526,2167,752,4033,270,52,37,210,,5,4033,3488,5,323,159,47,89,13,3,1,7,,4,89,230,4,4.29,85,1.14,480,6.81,0,0,14,4.53
7/9/2020,CO,Denver County,County,7565,2178,764,4054,264,52,37,211,,5,4054,3506,5,323,159,47,89,13,3,1,7,,4,89,230,4,4.27,39,0.52,434,6.09,0,0,5,1.57
7/10/2020,CO,Denver County,County,7723,2239,764,4131,270,54,38,216,,11,4131,3581,11,395,195,58,109,16,4,1,8,,4,109,282,4,5.11,158,2.09,481,6.64,72,22.29,74,23.05
7/11/2020,CO,Denver County,County,7723,2239,764,4131,270,54,38,216,,11,4131,3581,11,395,199,54,108,18,3,1,9,,3,108,284,3,5.11,0,0,,,0,0,,
7/12/2020,CO,Denver County,County,7833,2271,775,4190,274,54,39,219,,11,4190,3632,11,395,199,54,108,18,3,1,9,,3,108,284,3,5.04,110,1.42,,,0,0,,
7/13/2020,CO,Denver County,County,7882,2301,780,4208,275,55,39,220,,4,4208,3670,4,396,199,54,108,18,3,1,9,,4,108,284,4,5.02,49,0.63,513,6.96,1,0.25,75,23.36
7/14/2020,CO,Denver County,County,7968,2334,780,4254,278,55,39,223,,5,4254,3709,5,398,199,54,111,18,3,1,9,,3,111,284,3,4.99,86,1.09,527,7.08,2,0.51,75,23.22
7/15/2020,CO,Denver County,County,8021,2350,786,4283,280,56,40,224,,2,4283,3736,2,399,201,54,110,17,3,1,9,,4,110,285,4,4.97,53,0.67,495,6.58,1,0.25,76,23.53
7/16/2020,CO,Denver County,County,8074,2373,791,4303,282,56,40,226,,3,4303,3768,3,399,201,54,110,17,3,1,9,,4,110,285,4,4.94,53,0.66,509,6.73,0,0,76,23.53
7/17/2020,CO,Denver County,County,8183,2413,785,4353,294,57,40,229,,12,4353,3818,12,399,202,54,110,17,3,1,9,,3,110,286,3,4.88,109,1.35,460,5.96,0,0,4,1.01
7/18/2020,CO,Denver County,County,8262,2437,793,4395,297,57,41,231,,11,4395,3856,11,399,202,54,110,17,3,1,9,,3,110,286,3,4.83,79,0.97,539,6.98,0,0,4,1.01
7/19/2020,CO,Denver County,County,8291,2445,795,4410,298,58,41,232,,12,4410,3869,12,399,202,54,110,17,3,1,9,,3,110,286,3,4.81,29,0.35,458,5.85,0,0,4,1.01
7/20/2020,CO,Denver County,County,8386,2482,805,4461,293,58,41,234,,12,4461,3913,12,402,204,53,111,18,3,1,8,,4,111,287,4,4.79,95,1.15,504,6.39,3,0.75,6,1.52
7/21/2020,CO,Denver County,County,8499,2532,815,4504,297,59,42,237,,13,4504,3982,13,405,206,54,112,18,3,1,8,,3,112,290,3,4.77,113,1.35,531,6.66,3,0.75,7,1.76
7/22/2020,CO,Denver County,County,8657,2579,831,4596,302,60,43,242,,4,4596,4057,4,405,206,54,112,18,3,1,8,,3,112,290,3,4.68,158,1.86,636,7.93,0,0,6,1.5
7/23/2020,CO,Denver County,County,8799,2622,844,4663,307,61,43,246,,13,4663,4123,13,405,206,54,112,18,3,1,8,,3,112,290,3,4.6,142,1.64,725,8.98,0,0,6,1.5
7/24/2020,CO,Denver County,County,8957,2687,859,4738,313,62,44,250,,4,4738,4215,4,406,206,54,112,18,3,1,8,,4,112,290,4,4.53,158,1.8,774,9.46,1,0.25,7,1.75
7/25/2020,CO,Denver County,County,9066,2719,870,4795,317,63,45,253,,4,4795,4267,4,406,206,54,112,18,3,1,8,,4,112,290,4,4.48,109,1.22,804,9.73,0,0,7,1.75
7/27/2020,CO,Denver County,County,9234,2779,877,4884,323,64,46,258,,3,4884,4347,3,410,207,54,114,18,3,1,9,,4,114,292,4,4.44,,,848,10.11,,,8,1.99
7/28/2020,CO,Denver County,County,9365,2828,889,4954,327,65,46,262,,,4954,4417,,410,207,54,114,18,3,1,9,,4,114,292,4,4.38,131,1.42,866,10.19,0,0,5,1.23
7/29/2020,CO,Denver County,County,9430,2857,895,4979,330,66,47,264,,,4979,4459,,411,207,56,114,18,3,1,9,,3,114,294,3,4.36,65,0.69,773,8.93,1,0.24,6,1.48
7/30/2020,CO,Denver County,County,9484,2873,900,5007,331,66,47,265,,,5007,4482,,411,207,56,114,18,3,1,9,,3,114,294,3,4.33,54,0.57,685,7.78,0,0,6,1.48
7/31/2020,CO,Denver County,County,9590,2924,901,5044,335,67,47,268,,4,5044,4542,4,412,206,57,115,16,3,1,10,,4,115,293,4,4.3,106,1.12,633,7.07,1,0.24,6,1.48
8/1/2020,CO,Denver County,County,9675,2950,909,5089,338,67,48,270,,4,5089,4582,4,413,207,57,116,16,3,1,10,,3,116,294,3,4.27,85,0.89,609,6.72,1,0.24,7,1.72
8/2/2020,CO,Denver County,County,9729,2967,914,5117,340,68,48,272,,3,5117,4609,3,413,207,57,116,16,3,1,10,,3,116,294,3,4.25,54,0.56,,,0,0,,
8/3/2020,CO,Denver County,County,9783,2983,919,5145,342,68,48,273,,5,5145,4633,5,416,207,56,119,16,3,1,10,,4,119,293,4,4.25,54,0.56,549,5.95,3,0.73,6,1.46
8/4/2020,CO,Denver County,County,9828,2987,914,5199,343,68,49,265,,3,5199,4626,3,417,207,57,120,16,3,1,10,,3,120,294,3,4.24,45,0.46,463,4.94,1,0.24,7,1.71
8/5/2020,CO,Denver County,County,9894,3007,920,5224,356,69,49,267,,2,5224,4668,2,417,206,57,121,15,3,1,10,,4,121,292,4,4.21,66,0.67,464,4.92,0,0,6,1.46
8/6/2020,CO,Denver County,County,9894,3007,910,5233,356,69,49,267,,3,5233,4658,3,417,206,57,121,15,3,1,10,,4,121,292,4,4.21,0,0,410,4.32,0,0,6,1.46
8/7/2020,CO,Denver County,County,10075,3052,926,5339,352,70,50,282,,4,5339,4732,4,418,207,57,121,15,3,1,10,,4,121,293,4,4.15,181,1.83,485,5.06,1,0.24,6,1.46
8/8/2020,CO,Denver County,County,10121,3066,931,5364,354,70,50,283,,3,5364,4754,3,418,207,57,121,15,3,1,10,,4,121,293,4,4.13,46,0.46,446,4.61,0,0,5,1.21
8/10/2020,CO,Denver County,County,10174,3092,925,5392,356,71,50,284,,4,5392,4778,4,419,207,57,121,15,3,1,10,,5,121,293,5,4.12,,,391,4,,,3,0.72
8/11/2020,CO,Denver County,County,10241,3123,931,5417,358,71,51,286,,4,5417,4820,4,419,207,57,121,15,3,1,10,,5,121,293,5,4.09,67,0.66,413,4.2,0,0,2,0.48
8/12/2020,CO,Denver County,County,10285,3136,935,5440,359,71,51,287,,6,5440,4839,6,420,208,57,122,15,3,1,10,,4,122,294,4,4.08,44,0.43,391,3.95,1,0.24,3,0.72
8/13/2020,CO,Denver County,County,10327,3149,939,5462,361,72,51,289,,4,5462,4861,4,420,208,57,122,15,3,1,10,,4,122,294,4,4.07,42,0.41,433,4.38,0,0,3,0.72
8/14/2020,CO,Denver County,County,10425,3200,938,5514,364,62,52,291,,4,5514,4907,4,420,208,57,122,15,3,1,10,,4,122,294,4,4.03,98,0.95,350,3.47,0,0,2,0.48
8/15/2020,CO,Denver County,County,10476,3216,942,5541,366,62,52,293,,4,5541,4931,4,420,208,57,122,15,3,1,10,,4,122,294,4,4.01,51,0.49,355,3.51,0,0,2,0.48
8/16/2020,CO,Denver County,County,10485,3218,943,5546,366,62,52,293,,5,5546,4934,5,420,208,57,122,15,3,1,10,,4,122,294,4,4.01,9,0.09,,,0,0,,
8/17/2020,CO,Denver County,County,10552,3250,939,5582,369,63,52,295,,2,5582,4968,2,426,210,59,123,16,3,1,10,,4,123,299,4,4.04,67,0.64,378,3.72,6,1.43,7,1.67
8/18/2020,CO,Denver County,County,10601,3296,911,5639,360,63,53,296,,,5639,4979,,426,210,59,123,16,3,1,10,,4,123,299,4,4.02,49,0.46,360,3.52,0,0,7,1.67
8/19/2020,CO,Denver County,County,10644,3288,915,5662,361,63,42,298,,15,5662,4967,15,426,209,59,125,16,3,1,10,,3,125,298,3,4,43,0.41,359,3.49,0,0,6,1.43
8/20/2020,CO,Denver County,County,10653,3281,905,5699,362,63,42,298,,3,5699,4951,3,426,209,59,125,16,3,1,10,,3,125,298,3,4,9,0.08,326,3.16,0,0,6,1.43
8/21/2020,CO,Denver County,County,10725,3303,911,5737,353,64,42,300,,15,5737,4973,15,426,209,59,125,16,3,1,10,,3,125,298,3,3.97,72,0.68,300,2.88,0,0,6,1.43
8/22/2020,CO,Denver County,County,10775,3318,915,5764,355,64,43,301,,15,5764,4996,15,426,209,59,125,16,3,1,10,,3,125,298,3,3.95,50,0.47,299,2.85,0,0,6,1.43
8/23/2020,CO,Denver County,County,10823,3333,919,5790,357,64,43,303,,14,5790,5019,14,426,209,59,125,16,3,1,10,,3,125,298,3,3.94,48,0.45,338,3.22,0,0,6,1.43
8/24/2020,CO,Denver County,County,10931,3366,929,5859,360,65,43,306,,3,5859,5069,3,426,208,58,126,16,3,1,10,,4,126,296,4,3.9,108,1,379,3.59,0,0,0,0
8/25/2020,CO,Denver County,County,10937,3357,929,5862,360,65,43,317,,4,5862,5071,4,426,208,58,126,16,3,1,10,,4,126,296,4,3.9,6,0.05,336,3.17,0,0,0,0
8/26/2020,CO,Denver County,County,10980,3381,922,5885,362,65,43,318,,4,5885,5091,4,426,208,58,126,16,3,1,10,,4,126,296,4,3.88,43,0.39,336,3.16,0,0,0,0
8/27/2020,CO,Denver County,County,11053,3393,928,5935,364,66,44,320,,3,5935,5115,3,428,211,58,126,15,3,1,10,,4,126,298,4,3.87,73,0.66,400,3.75,2,0.47,2,0.47
8/28/2020,CO,Denver County,County,11105,3409,932,5963,366,66,44,322,,3,5963,5139,3,429,211,58,126,15,3,1,10,,5,126,298,5,3.86,52,0.47,380,3.54,1,0.23,3,0.7
8/29/2020,CO,Denver County,County,11105,3409,932,5963,366,66,44,322,,3,5963,5139,3,429,211,58,126,15,3,1,10,,5,126,298,5,3.86,0,0,330,3.06,0,0,3,0.7
8/31/2020,CO,Denver County,County,11216,3443,930,6034,370,67,56,325,,,6034,5191,,434,212,58,131,16,3,1,10,,3,131,300,3,3.87,,,285,2.61,,,8,1.88
9/1/2020,CO,Denver County,County,11261,3457,934,6058,371,67,56,326,,,6058,5211,,434,212,58,131,16,3,1,10,,3,131,300,3,3.85,45,0.4,324,2.96,0,0,8,1.88
9/2/2020,CO,Denver County,County,11281,3429,925,6125,360,67,56,327,,,6125,5164,,434,206,56,139,15,3,1,10,,4,139,291,4,3.85,20,0.18,301,2.74,0,0,8,1.88
9/3/2020,CO,Denver County,County,11321,3441,928,6147,362,67,45,328,,3,6147,5171,3,434,206,56,139,15,3,1,10,,4,139,291,4,3.83,40,0.35,268,2.42,0,0,6,1.4
9/4/2020,CO,Denver County,County,11390,3462,922,6184,364,68,45,330,,15,6184,5191,15,434,206,56,139,15,3,1,10,,4,139,291,4,3.81,69,0.61,285,2.57,0,0,5,1.17
9/6/2020,CO,Denver County,County,11421,3471,925,6213,365,68,45,331,,3,6213,5205,3,434,206,56,139,15,3,1,10,,4,139,291,4,3.8,,,,,,,,
9/7/2020,CO,Denver County,County,11504,3497,931,6246,368,69,46,333,,14,6246,5244,14,434,206,56,139,15,3,1,10,,4,139,291,4,3.77,83,0.73,288,2.57,0,0,0,0
9/8/2020,CO,Denver County,County,11512,3511,932,6262,368,69,46,333,,,6262,5259,,434,206,56,139,15,3,1,10,,4,139,291,4,3.77,8,0.07,251,2.23,0,0,0,0
9/9/2020,CO,Denver County,County,11539,3519,923,6277,369,69,46,334,,2,6277,5260,2,434,206,56,139,15,3,1,10,,4,139,291,4,3.76,27,0.23,258,2.29,0,0,0,0
9/10/2020,CO,Denver County,County,11596,3536,927,6308,371,69,46,336,,3,6308,5285,3,434,206,56,139,15,3,1,10,,4,139,291,4,3.74,57,0.49,275,2.43,0,0,0,0
9/11/2020,CO,Denver County,County,11669,3570,933,6347,373,70,46,338,,,6347,5330,,434,206,56,139,15,3,1,10,,4,139,291,4,3.72,73,0.63,279,2.45,0,0,0,0
9/12/2020,CO,Denver County,County,11668,3570,933,6347,373,70,46,338,,,6347,5330,,434,206,56,139,15,3,1,10,,4,139,291,4,3.72,-1,-0.01,,,0,0,,
9/13/2020,CO,Denver County,County,11791,3608,943,6414,377,70,47,341,,,6414,5386,,434,206,56,139,15,3,1,10,,4,139,291,4,3.68,123,1.05,370,3.24,0,0,0,0
9/14/2020,CO,Denver County,County,11871,3656,937,6434,379,71,47,344,,3,6434,5434,3,437,208,56,140,15,3,1,10,,4,140,293,4,3.68,80,0.68,367,3.19,3,0.69,3,0.69
9/15/2020,CO,Denver County,County,11946,3703,943,6450,382,59,47,346,,16,6450,5480,16,437,208,56,140,15,3,1,10,,4,140,293,4,3.66,75,0.63,434,3.77,0,0,3,0.69
9/16/2020,CO,Denver County,County,12041,3744,939,6490,385,60,48,349,,26,6490,5525,26,437,208,56,140,15,3,1,10,,4,140,293,4,3.63,95,0.8,502,4.35,0,0,3,0.69
9/23/2020,CO,Denver County,County,12591,3966,969,6773,402,62,50,352,,17,6773,5801,17,440,208,56,143,15,3,1,11,,3,143,294,3,3.49,,,550,4.57,,,3,0.69
9/30/2020,CO,Denver County,County,13404,4249,991,7238,415,80,53,375,,3,7238,6163,3,441,208,56,143,15,3,1,11,,4,143,294,4,3.29,,,813,6.46,,,1,0.23
10/7/2020,CO,Denver County,County,14212,4533,1023,7688,426,85,56,383,,18,7688,6506,18,447,210,55,147,15,3,1,12,,4,147,296,4,3.15,,,808,6.03,,,6,1.36
10/14/2020,CO,Denver County,County,15251,4895,1067,8266,457,91,61,411,,3,8266,6982,3,449,211,56,149,15,3,1,12,,2,149,298,2,2.94,,,1039,7.31,,,2,0.45
10/21/2020,CO,Denver County,County,16455,5265,1118,8984,493,98,65,427,,5,8984,7466,5,450,212,56,149,15,3,1,11,,3,149,298,3,2.73,,,1204,7.89,,,1,0.22
7/8/2020,FL,Alachua County,County,1792,607,356,,,,,,269,525,277,916,564,12,7,5,,,,,,0,0,0,12,0,0.67,,,,,,,,
7/10/2020,FL,Alachua County,County,1978,669,409,,,,,,286,574,297,1017,624,12,7,5,,,,,,0,0,0,12,0,0.61,,,,,,,,
7/11/2020,FL,Alachua County,County,2043,682,429,,,,,,288,604,301,1048,654,12,7,5,,,,,,0,0,0,12,0,0.59,65,3.29,,,0,0,,
7/12/2020,FL,Alachua County,County,2098,693,447,,,,,,292,626,306,1069,683,12,7,5,,,,,,0,0,0,12,0,0.57,55,2.69,,,0,0,,
7/13/2020,FL,Alachua County,County,2173,717,474,,,,,,296,644,314,1112,705,12,7,5,,,,,,0,0,0,12,0,0.55,75,3.57,,,0,0,,
7/14/2020,FL,Alachua County,County,2258,751,502,,,,,,307,655,327,1172,716,12,7,5,,,,,,0,0,0,12,0,0.53,85,3.91,,,0,0,,
7/15/2020,FL,Alachua County,County,2322,794,527,,,,,,317,646,346,1233,705,12,7,5,,,,,,0,0,0,12,0,0.52,64,2.83,530,29.58,0,0,0,0
7/16/2020,FL,Alachua County,County,2397,828,549,,,,,,334,647,357,1288,713,12,7,5,,,,,,0,0,0,12,0,0.5,75,3.23,,,0,0,,
7/17/2020,FL,Alachua County,County,2465,858,582,,,,,,339,647,364,1347,715,13,7,5,,,,,,0,0,0,12,0,0.53,68,2.84,487,24.62,1,8.33,1,8.33
7/18/2020,FL,Alachua County,County,2531,887,608,,,,,,345,650,370,1396,724,13,7,5,,,,,,0,0,0,12,0,0.51,66,2.68,488,23.89,0,0,1,8.33
7/19/2020,FL,Alachua County,County,2619,898,628,,,,,,350,701,374,1426,777,14,8,5,,,,,,0,0,0,13,0,0.53,88,3.48,521,24.83,1,7.69,2,16.67
7/20/2020,FL,Alachua County,County,2683,916,644,,,,,,359,716,381,1462,792,15,8,5,,,,,,1,0,0,14,0,0.56,64,2.44,510,23.47,1,7.14,3,25
7/21/2020,FL,Alachua County,County,2737,931,660,,,,,,370,725,386,1496,804,15,8,5,,,,,,1,0,0,14,0,0.55,54,2.01,479,21.21,0,0,3,25
7/22/2020,FL,Alachua County,County,2809,955,685,,,,,,373,745,391,1544,823,16,9,5,,,,,,1,0,0,15,0,0.57,72,2.63,487,20.97,1,6.67,4,33.33
7/23/2020,FL,Alachua County,County,2890,986,707,,,,,,381,764,397,1590,851,17,10,5,,,,,,1,0,0,16,0,0.59,81,2.88,493,20.57,1,6.25,5,41.67
7/24/2020,FL,Alachua County,County,2984,1017,741,,,,,,395,780,410,1654,869,17,10,5,,,,,,1,0,0,16,0,0.57,94,3.25,519,21.05,0,0,4,30.77
7/25/2020,FL,Alachua County,County,3050,1037,775,,,,,,399,793,418,1703,883,19,11,6,,,,,,1,0,0,18,0,0.62,66,2.21,519,20.51,2,11.76,6,46.15
7/26/2020,FL,Alachua County,County,3144,1055,813,,,,,,405,824,420,1753,924,21,11,8,,,,,,1,0,0,20,0,0.67,94,3.08,525,20.05,2,10.53,7,50
7/27/2020,FL,Alachua County,County,3186,1057,839,,,,,,409,833,427,1782,929,21,11,8,,,,,,1,0,0,20,0,0.66,42,1.34,503,18.75,0,0,6,40
7/28/2020,FL,Alachua County,County,3297,1081,887,,,,,,420,860,440,1835,973,21,11,8,,,,,,1,0,0,20,0,0.64,111,3.48,560,20.46,0,0,6,40
7/29/2020,FL,Alachua County,County,3353,1110,910,,,,,,421,863,442,1890,972,21,11,8,,,,,,1,0,0,20,0,0.63,56,1.7,544,19.37,0,0,5,31.25
7/30/2020,FL,Alachua County,County,3448,1147,952,,,,,,433,866,454,1961,983,21,11,8,,,,,,1,0,0,20,0,0.61,95,2.83,558,19.31,0,0,4,23.53
7/31/2020,FL,Alachua County,County,3526,1179,986,,,,,,444,867,466,2030,980,22,11,9,,,,,,1,0,0,21,0,0.62,78,2.26,542,18.16,1,4.76,5,29.41
8/1/2020,FL,Alachua County,County,3590,1200,1008,,,,,,446,886,470,2068,1002,22,11,9,,,,,,1,0,0,21,0,0.61,64,1.82,540,17.7,0,0,3,15.79
8/2/2020,FL,Alachua County,County,3662,1215,1029,,,,,,459,908,473,2103,1035,24,11,11,,,,,,1,0,0,23,0,0.66,72,2.01,518,16.48,2,9.09,3,14.29
8/3/2020,FL,Alachua County,County,3749,1228,1052,,,,,,464,953,476,2136,1085,24,11,11,,,,,,1,0,0,23,0,0.64,87,2.38,563,17.67,0,0,3,14.29
8/4/2020,FL,Alachua County,County,3808,1253,1077,,,,,,478,949,482,2183,1092,26,13,11,,,,,,1,0,0,25,0,0.68,59,1.57,511,15.5,2,8.33,5,23.81
8/5/2020,FL,Alachua County,County,3862,1282,1105,,,,,,494,928,497,2239,1073,26,13,11,,,,,,1,0,0,25,0,0.67,54,1.42,509,15.18,0,0,5,23.81
8/6/2020,FL,Alachua County,County,3952,1313,1141,,,,,,501,944,505,2302,1092,26,13,11,,,,,,1,0,0,25,0,0.66,90,2.33,504,14.62,0,0,5,23.81
8/7/2020,FL,Alachua County,County,4006,1324,1163,,,,,,507,959,510,2336,1107,27,13,11,,,,,,2,0,0,26,0,0.67,54,1.37,480,13.61,1,3.85,5,22.73
8/8/2020,FL,Alachua County,County,4088,1342,1194,,,,,,512,987,513,2382,1140,27,13,11,,,,,,2,0,0,26,0,0.66,82,2.05,498,13.87,0,0,5,22.73
8/9/2020,FL,Alachua County,County,4142,1358,1220,,,,,,515,995,516,2422,1150,27,13,11,,,,,,2,0,0,26,0,0.65,54,1.32,480,13.11,0,0,3,12.5
8/10/2020,FL,Alachua County,County,4171,1365,1226,,,,,,517,1005,517,2431,1165,27,13,11,,,,,,2,0,0,26,0,0.65,29,0.7,422,11.26,0,0,3,12.5
8/11/2020,FL,Alachua County,County,4246,1401,1265,,,,,,525,998,523,2504,1162,27,13,11,,,,,,2,0,0,26,0,0.64,75,1.8,438,11.5,0,0,1,3.85
8/12/2020,FL,Alachua County,County,4309,1422,1292,,,,,,523,1014,525,2546,1180,27,13,11,,,,,,2,0,0,26,0,0.63,63,1.48,447,11.57,0,0,1,3.85
8/13/2020,FL,Alachua County,County,4391,1457,1321,,,,,,527,1031,532,2604,1200,27,13,11,,,,,,2,0,0,26,0,0.61,82,1.9,439,11.11,0,0,1,3.85
8/14/2020,FL,Alachua County,County,4483,1479,1354,,,,,,532,1061,536,2652,1238,28,13,12,,,,,,2,0,0,27,0,0.62,92,2.1,477,11.91,1,3.7,1,3.7
8/15/2020,FL,Alachua County,County,4544,1501,1365,,,,,,542,1078,538,2686,1262,29,14,12,,,,,,2,0,0,28,0,0.64,61,1.36,456,11.15,1,3.57,2,7.41
8/16/2020,FL,Alachua County,County,4629,1544,1388,,,,,,548,1091,540,2727,1304,29,14,12,,,,,,2,0,0,28,0,0.63,85,1.87,487,11.76,0,0,2,7.41
8/17/2020,FL,Alachua County,County,4670,1565,1404,,,,,,550,1093,540,2752,1320,30,15,12,,,,,,2,0,0,29,0,0.64,41,0.89,499,11.96,1,3.45,3,11.11
8/18/2020,FL,Alachua County,County,4713,1582,1416,,,,,,549,1108,546,2777,1332,30,15,12,,,,,,2,0,0,29,0,0.64,43,0.92,467,11,0,0,3,11.11
8/19/2020,FL,Alachua County,County,4759,1596,1436,,,,,,560,1108,554,2832,1314,32,16,12,,,,,,2,1,0,30,1,0.67,46,0.98,450,10.44,2,6.67,5,18.52
8/20/2020,FL,Alachua County,County,4813,1613,1454,,,,,,563,1123,557,2858,1338,32,16,12,,,,,,2,1,0,30,1,0.66,54,1.13,422,9.61,0,0,5,18.52
8/21/2020,FL,Alachua County,County,4865,1634,1463,,,,,,570,1138,564,2884,1357,32,16,12,,,,,,2,1,0,30,1,0.66,52,1.08,382,8.52,0,0,4,14.29
8/22/2020,FL,Alachua County,County,4919,1669,1481,,,,,,581,1128,571,2930,1358,32,16,12,,,,,,2,1,0,30,1,0.65,54,1.11,375,8.25,0,0,3,10.34
8/23/2020,FL,Alachua County,County,4950,1684,1497,,,,,,585,1123,574,2946,1369,32,16,12,,,,,,2,1,0,30,1,0.65,31,0.63,321,6.93,0,0,3,10.34
8/24/2020,FL,Alachua County,County,4981,1694,1511,,,,,,588,1128,577,2961,1383,32,16,12,,,,,,2,1,0,30,1,0.64,31,0.63,311,6.66,0,0,2,6.67
8/25/2020,FL,Alachua County,County,5023,1717,1525,,,,,,590,1131,581,2990,1392,32,16,12,,,,,,2,1,0,30,1,0.64,42,0.84,310,6.58,0,0,2,6.67
8/26/2020,FL,Alachua County,County,5053,1743,1538,,,,,,589,1122,589,3021,1382,32,16,12,,,,,,2,1,0,30,1,0.63,30,0.6,294,6.18,0,0,0,0
8/27/2020,FL,Alachua County,County,5082,1764,1554,,,,,,597,1106,600,3056,1365,32,16,12,,,,,,2,1,0,30,1,0.63,29,0.57,269,5.59,0,0,0,0
8/28/2020,FL,Alachua County,County,5117,1785,1561,,,,,,602,1107,602,3089,1364,32,16,12,,,,,,2,1,0,30,1,0.63,35,0.69,252,5.18,0,0,0,0
9/7/2020,FL,Alachua County,County,5633,2040,1661,,,,,,658,1202,665,3416,1480,34,17,13,,,,,,2,1,0,32,1,0.6,51,0.91,437,8.41,0,0,0,0
9/8/2020,FL,Alachua County,County,5722,2077,1671,,,,,,670,1230,667,3456,1525,34,17,13,,,,,,2,1,0,32,1,0.59,89,1.58,471,8.97,0,0,0,0
9/9/2020,FL,Alachua County,County,5812,2119,1678,,,,,,680,1257,679,3504,1551,34,17,13,,,,,,2,1,0,32,1,0.58,90,1.57,509,9.6,0,0,0,0
9/10/2020,FL,Alachua County,County,5898,2189,1693,,,,,,688,1247,694,3578,1545,37,18,15,,,,,,2,1,0,35,1,0.63,86,1.48,553,10.35,3,8.82,3,8.82
9/11/2020,FL,Alachua County,County,6029,2274,1701,,,,,,698,1270,707,3668,1568,41,20,17,,,,,,2,1,1,38,1,0.68,131,2.22,620,11.46,4,10.81,7,20.59
9/12/2020,FL,Alachua County,County,6241,2393,1714,,,,,,725,1320,731,3789,1632,41,20,17,,,,,,2,1,1,38,1,0.66,212,3.52,743,13.51,0,0,7,20.59
9/13/2020,FL,Alachua County,County,6401,2483,1724,,,,,,739,1363,745,3881,1683,41,20,17,,,,,,2,1,1,38,1,0.64,160,2.56,819,14.67,0,0,7,20.59
9/14/2020,FL,Alachua County,County,6555,2568,1733,,,,,,750,1411,761,3944,1757,41,20,17,,,,,,2,1,1,38,1,0.63,154,2.41,922,16.37,0,0,7,20.59
9/15/2020,FL,Alachua County,County,6657,2623,1748,,,,,,764,1429,765,4009,1790,43,20,17,,,,,,2,1,1,38,1,0.65,102,1.56,935,16.34,2,4.88,9,26.47
9/16/2020,FL,Alachua County,County,6814,2698,1763,,,,,,770,1488,775,4103,1841,43,21,18,,,,,,2,1,1,40,1,0.63,157,2.36,1002,17.24,0,0,9,26.47
9/23/2020,FL,Alachua County,County,7735,3207,1845,,,,,,866,1744,872,4799,1991,50,26,21,,,,,,2,0,1,48,0,0.65,,,921,13.52,,,7,16.28
9/30/2020,FL,Alachua County,County,8293,3748,1929,,,,,,909,1626,982,5331,1899,62,30,24,,,,,,2,0,1,55,0,0.75,,,558,7.21,,,12,24
10/7/2020,FL,Alachua County,County,8642,4120,2003,,,,,,963,1478,1065,5736,1763,66,35,27,,,,,,2,0,1,63,0,0.76,,,349,4.21,,,4,6.45
10/14/2020,FL,Alachua County,County,9133,4452,2084,,,,,,1001,1509,1148,6128,1770,72,40,28,,,,,,2,0,1,69,0,0.79,,,491,5.68,,,6,9.09
10/21/2020,FL,Alachua County,County,9575,4778,2152,,,,,,1041,1516,1208,6504,1775,77,42,30,,,,,,2,0,1,73,0,0.8,,,442,4.84,,,5,6.94
7/8/2020,FL,Bay County,County,880,542,109,,,,,,46,148,142,520,183,5,4,0,,,,,,1,0,1,4,0,0.57,,,,,,,,
7/10/2020,FL,Bay County,County,1027,605,128,,,,,,56,201,152,589,249,5,4,0,,,,,,1,0,1,4,0,0.49,,,,,,,,
7/11/2020,FL,Bay County,County,1107,654,138,,,,,,59,217,328,649,262,11,6,0,,,,,,1,1,1,6,1,0.99,80,7.79,,,6,120,,
7/12/2020,FL,Bay County,County,1193,685,143,,,,,,59,267,159,681,314,11,6,0,,,,,,1,1,1,6,1,0.92,86,7.77,,,0,0,,
7/13/2020,FL,Bay County,County,1322,739,152,,,,,,62,328,161,734,386,11,6,1,,,,,,1,1,1,6,1,0.83,129,10.81,,,0,0,,
7/14/2020,FL,Bay County,County,1430,789,163,,,,,,66,370,166,793,429,11,6,0,,,,,,1,1,1,6,1,0.77,108,8.17,,,0,0,,
7/15/2020,FL,Bay County,County,1523,827,177,,,,,,68,408,169,855,456,11,6,0,,,,,,1,1,1,6,1,0.72,93,6.5,643,73.07,0,0,6,120
7/16/2020,FL,Bay County,County,1602,871,185,,,,,,69,433,172,914,472,11,6,0,,,,,,1,1,1,6,1,0.69,79,5.19,,,0,0,,
7/17/2020,FL,Bay County,County,1737,955,204,,,,,,75,459,175,1017,501,11,6,0,,,,,,1,1,1,6,1,0.63,135,8.43,710,69.13,0,0,6,120
7/18/2020,FL,Bay County,County,1852,1044,211,,,,,,98,447,181,1128,491,11,6,0,,,,,,1,1,1,6,1,0.59,115,6.62,745,67.3,0,0,0,0
7/19/2020,FL,Bay County,County,2000,1095,218,,,,,,110,522,186,1184,575,12,7,0,,,,,,1,1,1,7,1,0.6,148,7.99,807,67.64,1,9.09,1,9.09
7/20/2020,FL,Bay County,County,2105,1121,231,,,,,,111,587,187,1212,651,12,7,0,,,,,,1,1,1,7,1,0.57,105,5.25,783,59.23,0,0,1,9.09
7/21/2020,FL,Bay County,County,2195,1161,235,,,,,,113,631,191,1250,699,14,8,1,,,,,,1,1,1,9,1,0.64,90,4.28,765,53.5,2,16.67,3,27.27
7/22/2020,FL,Bay County,County,2269,1213,246,,,,,,114,640,193,1311,709,16,9,2,,,,,,1,1,1,11,1,0.71,74,3.37,746,48.98,2,14.29,5,45.45
7/23/2020,FL,Bay County,County,2356,1274,260,,,,,,123,641,202,1402,694,17,10,2,,,,,,1,1,1,12,1,0.72,87,3.83,754,47.07,1,6.25,6,54.55
7/24/2020,FL,Bay County,County,2477,1343,274,,,,,,129,673,209,1467,743,17,10,2,,,,,,1,1,1,12,1,0.69,121,5.14,740,42.6,0,0,6,54.55
7/25/2020,FL,Bay County,County,2862,1548,294,,,,,,139,823,274,1551,979,19,11,2,,,,,,1,1,1,13,1,0.66,385,15.54,1010,54.54,2,11.76,8,72.73
7/26/2020,FL,Bay County,County,2972,1627,302,,,,,,143,842,279,1603,1032,19,11,2,,,,,,1,1,1,13,1,0.64,110,3.84,972,48.6,0,0,7,58.33
7/27/2020,FL,Bay County,County,3026,1676,306,,,,,,149,836,284,1652,1031,19,11,2,,,,,,1,1,1,13,1,0.63,54,1.82,921,43.75,0,0,7,58.33
7/28/2020,FL,Bay County,County,3146,1758,327,,,,,,154,848,293,1763,1031,22,12,3,,,,,,2,1,1,16,1,0.7,120,3.97,951,43.33,3,15.79,8,57.14
7/29/2020,FL,Bay County,County,3257,1841,339,,,,,,164,851,298,1873,1024,23,13,3,,,,,,2,1,1,17,1,0.71,111,3.53,988,43.54,1,4.55,7,43.75
7/30/2020,FL,Bay County,County,3357,1917,354,,,,,,170,854,310,1963,1022,25,14,4,,,,,,2,1,1,19,1,0.74,100,3.07,1001,42.49,2,8.7,8,47.06
7/31/2020,FL,Bay County,County,3475,2001,372,,,,,,185,855,314,2064,1035,25,14,4,,,,,,2,1,1,19,1,0.72,118,3.52,998,40.29,0,0,8,47.06
8/1/2020,FL,Bay County,County,3620,2075,387,,,,,,205,891,321,2157,1080,25,14,4,,,,,,2,1,1,19,1,0.69,145,4.17,758,26.48,0,0,6,31.58
8/2/2020,FL,Bay County,County,3673,2109,389,,,,,,224,889,324,2193,1094,25,14,4,,,,,,2,1,1,19,1,0.68,53,1.46,701,23.59,0,0,6,31.58
8/3/2020,FL,Bay County,County,3701,2134,392,,,,,,230,883,328,2239,1072,26,15,4,,,,,,2,1,1,20,1,0.7,28,0.76,675,22.31,1,4,7,36.84
8/4/2020,FL,Bay County,County,3921,2164,401,,,,,,342,949,293,2328,1235,42,25,8,,,,,,3,1,2,33,2,1.07,220,5.94,775,24.63,16,61.54,20,90.91
8/5/2020,FL,Bay County,County,3988,2174,407,,,,,,347,994,292,2387,1243,50,33,7,,,,,,4,1,3,40,2,1.25,67,1.71,731,22.44,8,19.05,27,117.39
8/6/2020,FL,Bay County,County,4077,2229,429,,,,,,367,984,304,2466,1239,50,33,7,,,,,,4,1,3,40,2,1.23,89,2.23,720,21.45,0,0,25,100
8/7/2020,FL,Bay County,County,4194,2257,428,,,,,,396,1045,306,2525,1295,50,33,7,,,,,,4,1,3,40,2,1.19,117,2.87,719,20.69,0,0,25,100
8/8/2020,FL,Bay County,County,4388,2294,433,,,,,,499,1094,309,2583,1428,56,38,8,,,,,,4,1,3,45,3,1.28,194,4.63,768,21.22,6,12,31,124
8/9/2020,FL,Bay County,County,4440,2306,437,,,,,,528,1102,314,2600,1459,56,38,8,,,,,,4,1,3,45,3,1.26,52,1.19,767,20.88,0,0,31,124
8/10/2020,FL,Bay County,County,4447,2309,437,,,,,,538,1095,314,2607,1458,56,38,8,,,,,,4,1,3,45,3,1.26,7,0.16,746,20.16,0,0,30,115.38
8/11/2020,FL,Bay County,County,4523,2364,447,,,,,,541,1102,318,2674,1462,57,39,8,,,,,,4,1,3,46,3,1.26,76,1.71,602,15.35,1,1.79,15,35.71
8/12/2020,FL,Bay County,County,4551,2426,449,,,,,,538,1068,325,2746,1410,57,39,8,,,,,,4,1,3,46,3,1.25,28,0.62,563,14.12,0,0,7,14
8/13/2020,FL,Bay County,County,4644,2497,462,,,,,,538,1074,335,2828,1408,57,39,8,,,,,,4,1,3,46,3,1.23,93,2.04,567,13.91,0,0,7,14
8/14/2020,FL,Bay County,County,4720,2522,465,,,,,,557,1102,338,2868,1440,66,47,8,,,,,,4,2,3,54,4,1.4,76,1.64,526,12.54,9,15.79,16,32
8/15/2020,FL,Bay County,County,4787,2572,473,,,,,,583,1083,339,2928,1444,69,50,8,,,,,,4,2,3,57,4,1.44,67,1.42,399,9.09,3,4.55,13,23.21
8/16/2020,FL,Bay County,County,4821,2587,475,,,,,,602,1081,339,2935,1471,69,50,8,,,,,,4,2,3,57,4,1.43,34,0.71,381,8.58,0,0,13,23.21
8/17/2020,FL,Bay County,County,4836,2593,480,,,,,,604,1082,341,2945,1473,69,50,8,,,,,,4,2,3,57,4,1.43,15,0.31,389,8.75,0,0,13,23.21
8/18/2020,FL,Bay County,County,4886,2636,488,,,,,,608,1076,349,2997,1462,72,51,10,,,,,,4,2,3,60,4,1.47,50,1.03,363,8.03,3,4.35,15,26.32
8/19/2020,FL,Bay County,County,4938,2686,497,,,,,,607,1070,352,3053,1455,72,51,10,,,,,,4,2,3,60,4,1.46,52,1.06,387,8.5,0,0,15,26.32
8/20/2020,FL,Bay County,County,5003,2722,502,,,,,,644,1056,358,3116,1450,74,53,10,,,,,,4,2,3,62,4,1.48,65,1.32,359,7.73,2,2.78,17,29.82
8/21/2020,FL,Bay County,County,5058,2762,505,,,,,,650,1062,365,3159,1455,74,53,10,,,,,,4,2,3,62,4,1.46,55,1.1,338,7.16,0,0,8,12.12
8/22/2020,FL,Bay County,County,5120,2806,516,,,,,,661,1057,369,3208,1463,76,53,12,,,,,,4,2,3,64,4,1.48,62,1.23,333,6.96,2,2.7,7,10.14
8/23/2020,FL,Bay County,County,5144,2814,518,,,,,,671,1061,369,3225,1470,76,53,12,,,,,,4,2,3,64,4,1.48,24,0.47,323,6.7,0,0,7,10.14
8/24/2020,FL,Bay County,County,5181,2827,518,,,,,,686,1070,370,3244,1487,76,53,12,,,,,,4,2,3,64,4,1.47,37,0.72,345,7.13,0,0,7,10.14
8/25/2020,FL,Bay County,County,5195,2860,525,,,,,,644,1085,376,3284,1454,79,56,12,,,,,,4,2,3,67,4,1.52,14,0.27,309,6.32,3,3.95,7,9.72
8/26/2020,FL,Bay County,County,5237,2897,527,,,,,,655,1077,383,3334,1439,81,57,12,,,,,,4,3,3,68,5,1.55,42,0.81,299,6.06,2,2.53,9,12.5
8/27/2020,FL,Bay County,County,5289,2937,531,,,,,,656,1084,386,3371,1451,82,58,12,,,,,,4,3,3,69,5,1.55,52,0.99,286,5.72,1,1.23,8,10.81
8/28/2020,FL,Bay County,County,5315,2948,538,,,,,,662,1086,391,3399,1444,83,58,12,,,,,,4,4,3,69,6,1.56,26,0.49,257,5.08,1,1.22,9,12.16
8/29/2020,FL,Bay County,County,5341,2970,540,,,,,,674,1074,393,3433,1432,83,58,12,,,,,,4,4,3,69,6,1.55,26,0.49,221,4.32,0,0,7,9.21
8/30/2020,FL,Bay County,County,5355,2985,542,,,,,,675,1070,393,3444,1435,83,58,12,,,,,,4,4,3,69,6,1.55,14,0.26,211,4.1,0,0,7,9.21
8/31/2020,FL,Bay County,County,5363,2987,542,,,,,,674,1077,393,3448,1439,83,58,12,,,,,,4,4,3,69,6,1.55,8,0.15,182,3.51,0,0,7,9.21
9/1/2020,FL,Bay County,County,5399,3009,549,,,,,,678,1079,397,3479,1439,84,59,12,,,,,,4,4,3,70,6,1.56,36,0.67,204,3.93,1,1.2,5,6.33
9/2/2020,FL,Bay County,County,5417,3022,549,,,,,,688,1074,399,3502,1432,87,60,14,,,,,,4,4,3,73,6,1.61,18,0.33,180,3.44,3,3.57,6,7.41
9/3/2020,FL,Bay County,County,5455,3046,553,,,,,,701,1070,400,3538,1432,89,60,14,,,,,,4,4,3,73,6,1.63,38,0.7,166,3.14,2,2.3,7,8.54
9/4/2020,FL,Bay County,County,5473,3054,555,,,,,,706,1071,402,3551,1433,89,61,15,,,,,,4,4,3,75,6,1.63,18,0.33,158,2.97,0,0,6,7.23
9/5/2020,FL,Bay County,County,5491,3065,556,,,,,,712,1072,406,3569,1430,90,61,15,,,,,,4,4,3,75,6,1.64,18,0.33,150,2.81,1,1.12,7,8.43
9/6/2020,FL,Bay County,County,5510,3072,557,,,,,,719,1076,410,3576,1438,91,61,15,,,,,,5,4,3,76,6,1.65,19,0.35,155,2.89,1,1.11,8,9.64
9/7/2020,FL,Bay County,County,5522,3080,560,,,,,,720,1076,408,3586,1442,91,61,16,,,,,,5,4,3,77,6,1.65,12,0.22,159,2.96,0,0,8,9.64
9/8/2020,FL,Bay County,County,5534,3089,561,,,,,,723,1075,410,3599,1439,91,61,16,,,,,,5,4,3,77,6,1.64,12,0.22,135,2.5,0,0,7,8.33
9/9/2020,FL,Bay County,County,5557,3108,563,,,,,,723,1076,413,3616,1441,92,62,16,,,,,,5,4,3,78,6,1.66,23,0.42,140,2.58,1,1.1,5,5.75
9/10/2020,FL,Bay County,County,5583,3127,570,,,,,,733,1066,415,3641,1440,92,62,16,,,,,,5,4,3,78,6,1.65,26,0.47,128,2.35,0,0,3,3.37
9/11/2020,FL,Bay County,County,5622,3132,574,,,,,,753,1074,420,3660,1453,95,64,16,,,,,,6,4,3,80,7,1.69,39,0.7,149,2.72,3,3.26,6,6.74
9/12/2020,FL,Bay County,County,5659,3155,576,,,,,,761,1080,425,3683,1464,96,64,17,,,,,,6,4,3,80,8,1.7,37,0.66,168,3.06,1,1.05,6,6.67
9/13/2020,FL,Bay County,County,5682,3163,576,,,,,,776,1080,428,3694,1473,96,64,17,,,,,,6,4,3,80,8,1.69,23,0.41,172,3.12,0,0,5,5.49
9/14/2020,FL,Bay County,County,5693,3166,578,,,,,,782,1080,429,3698,1479,96,64,17,,,,,,6,4,3,80,8,1.69,11,0.19,171,3.1,0,0,5,5.49
9/15/2020,FL,Bay County,County,5719,3200,584,,,,,,766,1082,434,3741,1457,98,64,17,,,,,,6,4,3,80,8,1.71,26,0.46,185,3.34,2,2.08,7,7.69
9/16/2020,FL,Bay County,County,5732,3212,587,,,,,,765,1080,434,3749,1461,98,66,17,,,,,,6,4,3,82,8,1.71,13,0.23,175,3.15,0,0,6,6.52
9/23/2020,FL,Bay County,County,5924,3345,591,,,,,,798,1094,451,3902,1475,106,71,19,,,,,,6,5,3,87,11,1.79,,,192,3.35,,,8,8.16
9/30/2020,FL,Bay County,County,6124,3464,616,,,,,,825,1103,470,4052,1486,113,74,19,,,,,,7,5,3,90,12,1.85,,,200,3.38,,,7,6.6
10/7/2020,FL,Bay County,County,6227,3519,623,,,,,,854,1105,475,4141,1485,119,82,19,,,,,,8,5,4,98,12,1.91,,,103,1.68,,,6,5.31
10/14/2020,FL,Bay County,County,6366,3615,636,,,,,,861,1107,485,4250,1484,128,89,20,,,,,,8,5,4,106,12,2.01,,,139,2.23,,,9,7.56
10/21/2020,FL,Bay County,County,6479,3696,636,,,,,,864,1117,494,4333,1486,137,97,22,,,,,,8,5,5,115,12,2.11,,,113,1.78,,,9,7.03
7/8/2020,FL,Duval County,County,10439,2741,2850,,,,,,915,3802,983,4885,4440,73,36,28,,,,,,5,1,3,65,2,0.7,604,6.14,3959,61.1,0,0,3,4.29
7/11/2020,FL,Duval County,County,12287,3167,3609,,,,,,1094,4267,1111,5865,5161,79,39,29,,,,,,7,1,3,71,2,0.64,515,4.37,3673,42.64,2,2.6,8,11.27
7/12/2020,FL,Duval County,County,12864,3244,3842,,,,,,1130,4493,1157,6063,5489,84,41,32,,,,,,7,1,3,76,2,0.65,577,4.7,3718,40.65,5,6.33,13,18.31
7/13/2020,FL,Duval County,County,13370,3317,3957,,,,,,1167,4772,1173,6262,5778,87,43,32,,,,,,7,2,3,77,4,0.65,506,3.93,3883,40.93,3,3.57,16,22.54
7/14/2020,FL,Duval County,County,13724,3414,4098,,,,,,1215,4835,1199,6490,5873,91,44,34,,,,,,7,2,3,80,4,0.66,354,2.65,3889,39.54,4,4.6,18,24.66
7/15/2020,FL,Duval County,County,14152,3557,4314,,,,,,1266,4850,1246,6755,5986,93,46,35,,,,,,7,1,3,83,3,0.66,428,3.12,3713,35.57,2,2.2,20,27.4
7/16/2020,FL,Duval County,County,14992,3729,4606,,,,,,1297,5188,1278,7046,6496,93,46,35,,,,,,7,1,3,83,3,0.62,840,5.94,3964,35.94,0,0,16,20.78
7/17/2020,FL,Duval County,County,15641,3856,4820,,,,,,1382,5402,1311,7299,6850,97,47,38,,,,,,7,1,3,87,3,0.62,649,4.33,3869,32.87,4,4.3,20,25.97
7/18/2020,FL,Duval County,County,15903,3930,4940,,,,,,1423,5428,1333,7487,6901,97,47,38,,,,,,7,1,3,87,3,0.61,262,1.68,3616,29.43,0,0,18,22.78
7/19/2020,FL,Duval County,County,16546,4008,5101,,,,,,1489,5763,1368,7730,7263,98,47,39,,,,,,7,1,3,88,3,0.59,643,4.04,3682,28.62,1,1.03,14,16.67
7/20/2020,FL,Duval County,County,17245,4171,5355,,,,,,1561,5969,1395,7964,7697,102,49,39,,,,,,7,3,3,90,5,0.59,699,4.22,3875,28.98,4,4.08,15,17.24
7/21/2020,FL,Duval County,County,17544,4253,5512,,,,,,1599,5990,1424,8132,7798,109,55,40,,,,,,7,3,3,94,8,0.62,299,1.73,3820,27.83,7,6.86,18,19.78
7/22/2020,FL,Duval County,County,17979,4326,5631,,,,,,1630,6197,1453,8331,8000,112,55,40,,,,,,7,6,3,95,10,0.62,435,2.48,3827,27.04,3,2.75,19,20.43
7/23/2020,FL,Duval County,County,18357,4402,5790,,,,,,1664,6303,1475,8489,8195,117,57,42,,,,,,8,6,3,100,10,0.64,378,2.1,3365,22.45,5,4.46,24,25.81